"개방자치단체코드","관리번호","인허가일자","인허가취소일자","영업상태코드","영업상태명","상세영업상태코드","상세영업상태명","폐업일자","휴업시작일자","휴업종료일자","재개업일자","전화번호","소재지면적","소재지우편번호","지번주소","도로명주소","도로명우편번호","사업장명","최종수정일자","데이터갱신구분","데이터갱신일자","업태구분명","좌표정보(X)","좌표정보(Y)","문화체육업종명","문화사업자구분명","지역구분명","총층수","주변환경명","제작취급품목내용","보험기관명","건물용도명","지상층수","지하층수","객실수","건축연면적","영문상호명","영문상호주소","선박총톤수","선박척수","선박제원","무대면적","좌석수","기념품종류","회의실별동시수용인원","시설면적","놀이기구수내역","놀이시설수","방송시설유무","발전시설유무","의무실유무","안내소유무","기획여행보험시작일자","기획여행보험종료일자","자본금","보험시작일자","보험종료일자","부대시설내역","시설규모"
"3020000","CDFI3261042008000002","20080807","","01","영업/정상","13","영업중","","","","","","","140201","서울특별시 용산구 이태원동 119-18번지 지상2층 ","서울특별시 용산구 이태원로 169  (이태원동지상2층)","","카레타운","20090805154149","I","2018-08-31 23:59:59.0","","199281.891742925    ","448046.825938436    ","관광식당업","","","","","","","","","","","","","","","","","","","","","","","","","","","","","","","","","",""
"3000000","CDFI3261042006000001","20061123","","01","영업/정상","13","영업중","","","","","02-730-2051","","110210","서울특별시 종로구 화동 117번지 ","서울특별시 종로구 북촌로 31-22  (화동)","","씨제이푸드(주) 에프터더레인 안국점 (정진구)","20061206102054","I","2018-08-31 23:59:59.0","","198494.536929924    ","453028.454112337    ","관광식당업","관광사업","","","","","","","","","","","","","","","","","","","","","","","","","","","","","","","","",""
"3000000","CDFI3261042009000001","20090413","","01","영업/정상","13","영업중","","","","","747-2976","","110843","서울특별시 종로구 창신동 695-1번지 3층 ","서울특별시 종로구 종로 291  (창신동3층)","","안나푸르나(Anna Purna)","20090507113048","I","2018-08-31 23:59:59.0","","200820.411204476    ","452168.573383761    ","관광식당업","","","","","","","","3","","","","","","","","","","","","","","","","","","","","","","","","","",""
"3020000","CDFI3261042008000006","20080929","","01","영업/정상","13","영업중","","","","","7020424","","140851","서울특별시 용산구 원효로4가 137번지 ","서울특별시 용산구 효창원로 4  (원효로4가)","","(주)테크데이타 원효로지점 포이삽사","20090807095922","I","2018-08-31 23:59:59.0","","195563.788982635    ","447943.344696362    ","관광식당업","","","","","","","","","","","","","","","","","","","","","","","","","","","","","","","","","",""
"3020000","CDFI3261042008000007","20080908","","01","영업/정상","13","영업중","","","","","2012-0696","","140780","서울특별시 용산구 한강로3가 40-999번지 현대아이몰 6층 ","","","경풍루","20090807100116","I","2018-08-31 23:59:59.0","","196762.077394917    ","447480.039577359    ","관광식당업","","","","","","","","","","","","","","","","","","","","","","","","","","","","","","","","","",""
"3020000","CDFI3261042008000008","20080721","","01","영업/정상","13","영업중","","","","","553-9000","","140858","서울특별시 용산구 이태원동 124-12번지 지하1층 ","서울특별시 용산구 이태원로27나길 36  (이태원동지하1층)","","빌라소르티노","20090807100402","I","2018-08-31 23:59:59.0","","199632.959605916    ","448092.468023687    ","관광식당업","","","","","","","","","","","","","","","","","","","","","","","","","","","","","","","","","",""
"3020000","CDFI3261042008000009","20080702","","01","영업/정상","13","영업중","","","","","","","140864","서울특별시 용산구 이태원동 172-2번지 덕흥빌딩 지하1층 ","서울특별시 용산구 이태원로 153  (이태원동덕흥빌딩 지하1층)","","아그라","20090807100820","I","2018-08-31 23:59:59.0","","199134.383021812    ","448041.584512742    ","관광식당업","","","","","","","","","","","","","","","","","","","","","","","","","","","","","","","","","",""
"3020000","CDFI3261042008000010","20080614","","01","영업/정상","13","영업중","","","","","795-6751","","140884","서울특별시 용산구 한남동 263-10번지 ","서울특별시 용산구 독서당로 73  (한남동)","","웨스턴차이나","20090807105420","I","2018-08-31 23:59:59.0","","200693.652523916    ","447995.83193563     ","관광식당업","","","","","","","","","","","","","","","","","","","","","","","","","","","","","","","","","",""
"3020000","CDFI3261042008000012","20080610","","01","영업/정상","13","영업중","","","","","798-9277","","140858","서울특별시 용산구 이태원동 127-2번지 지상2층 ","서울특별시 용산구 이태원로 192  (이태원동지상2층)","","두바이","20090807105859","I","2018-08-31 23:59:59.0","","199520.280404591    ","448012.047528971    ","관광식당업","","","","","","","","","","","","","","","","","","","","","","","","","","","","","","","","","",""
"3020000","CDFI3261042008000013","20080425","","01","영업/정상","13","영업중","","","","","798-1253","","140884","서울특별시 용산구 한남동 732-151번지 ","서울특별시 용산구 우사단로10길 45  (한남동)","","와즈완","20090807110141","I","2018-08-31 23:59:59.0","","199761.516540919    ","447856.18609032     ","관광식당업","","","","","","","","","","","","","","","","","","","","","","","","","","","","","","","","","",""
"3020000","CDFI3261042008000014","20080331","","01","영업/정상","13","영업중","","","","","793-8845","","140857","서울특별시 용산구 이태원동 228-6번지 지상4층 ","서울특별시 용산구 회나무로 57  (이태원동지상4층)","","마오","20090807110332","I","2018-08-31 23:59:59.0","","199303.388556154    ","448682.619580638    ","관광식당업","","","","","","","","","","","","","","","","","","","","","","","","","","","","","","","","","",""
"3020000","CDFI3261042008000015","20080201","","01","영업/정상","13","영업중","","","","","749-9287","","140863","서울특별시 용산구 이태원동 118-20번지 지상2층 ","서울특별시 용산구 이태원로27가길 54  (이태원동지상2층)","","마이차이나","20090807110548","I","2018-08-31 23:59:59.0","","199246.941302984    ","448082.396562882    ","관광식당업","","","","","","","","","","","","","","","","","","","","","","","","","","","","","","","","","",""
"3020000","CDFI3261042009000001","20090423","","01","영업/정상","13","영업중","","","","","749-0903","","140201","서울특별시 용산구 이태원동 457-1번지 지하1층 ","서울특별시 용산구 녹사평대로40길 48  (이태원동지하1층)","","베를린","20090805154652","I","2018-08-31 23:59:59.0","","198905.866642761    ","448018.863747554    ","관광식당업","","","","","","","","","","","","","","","","","","","","","","","","","","","","","","","","","",""
"3020000","CDFI3261041996000001","19961224","","01","영업/정상","13","영업중","","","","","796-5501","","140899","서울특별시 용산구 후암동 340-5번지 ","서울특별시 용산구 두텁바위로60길 25  (후암동)","","모글인테내셔날(파키스탄)","20090824141025","I","2018-08-31 23:59:59.0","","198418.616112395    ","449786.827836538    ","관광식당업","","","","","","","","","","","","","","","","","","","","","","","","","","","","","","","","","",""
"3020000","CDFI3261041997000001","19971226","","01","영업/정상","13","영업중","","","","","580-8122","","140861","서울특별시 용산구 이태원동 534번지 ","서울특별시 용산구 녹사평대로 206  (이태원동)","","이탈리아노(이태리식)","20090824141222","I","2018-08-31 23:59:59.0","","198813.164235318    ","448200.24615366     ","관광식당업","","","","","","","","","","","","","","","","","","","","","","","","","","","","","","","","","",""
"3020000","CDFI3261041999000001","19991224","","01","영업/정상","13","영업중","","","","","796-4100","","140890","서울특별시 용산구 한남동 762-162번지 12층 ","","","세종식당(한국전통식)","20090824141608","I","2018-08-31 23:59:59.0","","","","관광식당업","","","","","","","","","","","","","","","","","","","","","","","","","","","","","","","","","",""
"3020000","CDFI3261042001000001","20010602","","01","영업/정상","13","영업중","","","","","790-2322","","140884","서울특별시 용산구 한남동 722-16번지 ","","","남해숫불갈비(한국전통식)","20090824164350","I","2018-08-31 23:59:59.0","","200371.939996585    ","448388.684012946    ","관광식당업","","","","","","","","","","","","","","","","","","","","","","","","","","","","","","","","","",""
"3020000","CDFI3261042002000001","20020802","","01","영업/정상","13","영업중","","","","","793-4888","","140863","서울특별시 용산구 이태원동 116-14번지 ","서울특별시 용산구 이태원로27가길 52  (이태원동)","","파타야","20090818105800","I","2018-08-31 23:59:59.0","","199250.427930739    ","448098.758066965    ","관광식당업","","","","","","","","","","","","","","","","","","","","","","","","","","","","","","","","","",""
"3020000","CDFI3261042002000002","20020628","","01","영업/정상","13","영업중","","","","","797-0752","","140884","서울특별시 용산구 한남동 28-9번지 ","서울특별시 용산구 독서당로 83  (한남동)","","챠크라","20090818110011","I","2018-08-31 23:59:59.0","","200786.751951771    ","448027.717214802    ","관광식당업","","","","","","","","","","","","","","","","","","","","","","","","","","","","","","","","","",""
"3160000","CDFI3261042003000002","20030415","","01","영업/정상","13","영업중","","","","","2066-6100","","152826","서울특별시 구로구 고척동 69-34","서울특별시 구로구 경인로 398 (고척동)","08275","실크로드(중국식)","20210125145952","U","2020-11-30 22:07:00.0","","187949.088952952","443890.882160808","","","","","","","","","","","","","","","","","","","","","","","","","","","","","","","","","","",""
"3020000","CDFI3261042002000003","20020326","","01","영업/정상","13","영업중","","","","","3461-1462","","140893","서울특별시 용산구 한남동 737-24번지 3층 ","서울특별시 용산구 이태원로 223  (한남동3층)","","(주) 타이가든","20090818110213","I","2018-08-31 23:59:59.0","","199801.957229828    ","448135.575999176    ","관광식당업","","","","","","","","","","","","","","","","","","","","","","","","","","","","","","","","","",""
"3020000","CDFI3261042002000004","20020305","","01","영업/정상","13","영업중","","","","","794-3182","","140887","서울특별시 용산구 한남동 657-43번지 2층 ","서울특별시 용산구 대사관로 45-1  (한남동2층)","","메르하바","20090818110414","I","2018-08-31 23:59:59.0","","200218.818155781    ","447935.984536944    ","관광식당업","","","","","","","","","","","","","","","","","","","","","","","","","","","","","","","","","",""
"3020000","CDFI3261042006000001","20061228","","01","영업/정상","13","영업중","","","","","795-2402","","140882","서울특별시 용산구 한강로3가 60번지 ","서울특별시 용산구 한강대로 52-1  (한강로3가)","","북경","20090807160033","I","2018-08-31 23:59:59.0","","196808.081086747    ","447019.914708289    ","관광식당업","","","","","","","","","","","","","","","","","","","","","","","","","","","","","","","","","",""
"3020000","CDFI3261042006000002","20061207","","01","영업/정상","13","영업중","","","","","796-6457","","140887","서울특별시 용산구 한남동 631-15번지 ","서울특별시 용산구 대사관로30길 11-6  (한남동)","","현경한남점","20090807160222","I","2018-08-31 23:59:59.0","","200448.938819987    ","447808.591950411    ","관광식당업","","","","","","","","","","","","","","","","","","","","","","","","","","","","","","","","","",""
"3020000","CDFI3261042007000001","20071106","","01","영업/정상","13","영업중","","","","","790-7754","","140858","서울특별시 용산구 이태원동 124-9번지 ","서울특별시 용산구 이태원로 203  (이태원동)","","알리바바","20090807110759","I","2018-08-31 23:59:59.0","","199628.284409445    ","448063.080812027    ","관광식당업","","","","","","","","","","","","","","","","","","","","","","","","","","","","","","","","","",""
"3020000","CDFI3261042007000002","20071012","","01","영업/정상","13","영업중","","","","","792-0872","","140853","서울특별시 용산구 이촌동 300-16번지 ","서울특별시 용산구 이촌로88길 8  (이촌동)","","파챠이","20090807154532","I","2018-08-31 23:59:59.0","","197965.084091132    ","446221.69071399     ","관광식당업","","","","","","","","","","","","","","","","","","","","","","","","","","","","","","","","","",""
"3020000","CDFI3261042007000003","20070919","","01","영업/정상","13","영업중","","","","","7937784","","140863","서울특별시 용산구 이태원동 119-7번지 ","서울특별시 용산구 이태원로 173-7  (이태원동)","","사이공그릴","20090807154716","I","2018-08-31 23:59:59.0","","199331.943962382    ","448070.216214088    ","관광식당업","","","","","","","","","","","","","","","","","","","","","","","","","","","","","","","","","",""
"3020000","CDFI3261042007000004","20070808","","01","영업/정상","13","영업중","","","","","790-0779","","140886","서울특별시 용산구 한남동 78-2번지 외1필지 23층 ","서울특별시 용산구 대사관로 77  (한남동외1필지 23층)","","사쿠라","20090807154942","I","2018-08-31 23:59:59.0","","200527.100453326    ","447898.653157281    ","관광식당업","","","","","","","","","","","","","","","","","","","","","","","","","","","","","","","","","",""
"3020000","CDFI3261042007000005","20070622","","01","영업/정상","13","영업중","","","","","794-8090","","140858","서울특별시 용산구 이태원동 123-20번지 ","","","마이타이","20090807155117","I","2018-08-31 23:59:59.0","","199458.714703746    ","448064.932087673    ","관광식당업","","","","","","","","","","","","","","","","","","","","","","","","","","","","","","","","","",""
"3020000","CDFI3261042007000006","20070622","","01","영업/정상","13","영업중","","","","","794-7024","","140865","서울특별시 용산구 이태원동 130-1번지 2층 ","서울특별시 용산구 보광로 125  (이태원동2층)","","쉐프마일리오스트리아","20090807155344","I","2018-08-31 23:59:59.0","","199397.088702538    ","447956.466832685    ","관광식당업","","","","","","","","","","","","","","","","","","","","","","","","","","","","","","","","","",""
"3020000","CDFI3261042007000007","20070315","","01","영업/정상","13","영업중","","","","","749-0316","","140865","서울특별시 용산구 이태원동 130-2번지 ","","","타지펠리스","20090807155520","I","2018-08-31 23:59:59.0","","","","관광식당업","","","","","","","","","","","","","","","","","","","","","","","","","","","","","","","","","",""
"3020000","CDFI3261042007000008","20070103","","01","영업/정상","13","영업중","","","","","797-0488","","140893","서울특별시 용산구 한남동 736-11번지 2층 ","서울특별시 용산구 이태원로 208  (한남동2층)","","솔티노","20090807155807","I","2018-08-31 23:59:59.0","","199675.289712107    ","448030.294524199    ","관광식당업","","","","","","","","","","","","","","","","","","","","","","","","","","","","","","","","","",""
"3020000","CDFI3261042008000001","20080721","","01","영업/정상","13","영업중","","","","","553-9000","","140201","서울특별시 용산구 이태원동 118-20번지 1층 ","서울특별시 용산구 이태원로27가길 54  (이태원동1층)","","비냐","20090805153903","I","2018-08-31 23:59:59.0","","199246.941302984    ","448082.396562882    ","관광식당업","","","","","","","","","","","","Vigna","","","","","","","","","","","","","","","","","","","","","",""
"3020000","CDFI3261042009000002","20090724","","01","영업/정상","13","영업중","","","","","759-6554","","140821","서울특별시 용산구 동자동 42-9번지 ","서울특별시 용산구 한강대로102길 3  (동자동)","","만리장성","20090824140138","I","2018-08-31 23:59:59.0","","197483.474297856    ","449743.633149211    ","관광식당업","","","","","","","","","","","","The Great Wall","","","","","","","","","","","","","","","","","","","","","",""
"3020000","CDFI3261042009000003","20090413","","01","영업/정상","13","영업중","","","","","795-9711","","140858","서울특별시 용산구 이태원동 124-6번지 지상1층 ","서울특별시 용산구 이태원로27길 6  (이태원동지상1층)","","한국아미고스(주)","20090806114316","I","2018-08-31 23:59:59.0","","199540.580295258    ","448085.228014094    ","관광식당업","","","","","","","","","","","","","","","","","","","","","","","","","","","","","","","","","",""
"3020000","CDFI3261042008000003","20081229","","01","영업/정상","13","영업중","","","","","749-3336","","140863","서울특별시 용산구 이태원동 116-15번지 지상1층 ","서울특별시 용산구 이태원로27가길 50  (이태원동지상1층)","","새골목집","20090807094820","I","2018-08-31 23:59:59.0","","199268.825287838    ","448094.819004627    ","관광식당업","","","","","","","","","","","","","","","","","","","","","","","","","","","","","","","","","",""
"3020000","CDFI3261042008000005","20080929","","01","영업/정상","13","영업중","","","","","2012-0567","","140780","서울특별시 용산구 한강로3가 40-999번지 현대아이파크몰 5층 514 ","","","쿠아타이","20090807095717","I","2018-08-31 23:59:59.0","","196762.077394917    ","447480.039577359    ","관광식당업","","","","","","","","","","","","","","","","","","","","","","","","","","","","","","","","","",""
"3020000","CDFI3261042010000001","20100216","","01","영업/정상","13","영업중","","","","","02-3270-7533","","140170","서울특별시 용산구 동자동 43-205번지 3층 301호","","","티원(T-Won)","20101221193740","I","2018-08-31 23:59:59.0","","197373.839856311    ","450014.537949042    ","관광식당업","","","","","","","","","","","","","","","","","","","","","","","","","","","","","","","","","",""
"3020000","CDFI3261042009000012","20090928","","01","영업/정상","13","영업중","","","","","749-0446","","140892","서울특별시 용산구 한남동 683-122번지 지상1층 ","서울특별시 용산구 이태원로 232  (한남동지상1층)","","니시키","20091013091154","I","2018-08-31 23:59:59.0","","199883.712613229    ","448151.526695901    ","관광식당업","","","","","","","","","","","","Nisiki","","","","","","","","","","","","","","","","","","","","","",""
"3020000","CDFI3261042009000013","20091104","","01","영업/정상","13","영업중","","","","","","","140858","서울특별시 용산구 이태원동 127-3번지 ","서울특별시 용산구 이태원로 190  (이태원동)","","판쵸스","20091118104237","I","2018-08-31 23:59:59.0","","199501.662940118    ","448010.125875207    ","관광식당업","","","","","","","","","","","","","","","","","","","","","","","","","","","","","","","","","",""
"3020000","CDFI3261042009000014","20091104","","01","영업/정상","13","영업중","","","","","","","140887","서울특별시 용산구 한남동 653-1번지 지상1층 ","서울특별시 용산구 대사관로 52  (한남동지상1층)","","취룡","20091118104500","I","2018-08-31 23:59:59.0","","200270.981734911    ","447892.865925447    ","관광식당업","","","","","","","","","","","","chui ryong","","","","","","","","","","","","","","","","","","","","","",""
"3020000","CDFI3261042009000015","20091104","","01","영업/정상","13","영업중","","","","","","","140031","서울특별시 용산구 이촌동 300-23번지 ","서울특별시 용산구 이촌로 248  (이촌동)","","르어 이촌점","20091118104744","I","2018-08-31 23:59:59.0","","197722.571038558    ","446344.591216568    ","관광식당업","","","","","","","","","","","","","","","","","","","","","","","","","","","","","","","","","",""
"3020000","CDFI3261041991000001","19910121","","01","영업/정상","13","영업중","","","","","798-5211","","140856","서울특별시 용산구 이태원동 258-7번지 ","서울특별시 용산구 회나무로44길 10  (이태원동)","","라쿠치나(이태리식)","20090824140603","I","2018-08-31 23:59:59.0","","199618.685808269    ","448700.221051459    ","관광식당업","","","","","","","","","","","","","","","","","","","","","","","","","","","","","","","","","",""
"3020000","CDFI3261042008000011","20080611","","01","영업/정상","13","영업중","","","","","3785-1555","","140858","서울특별시 용산구 이태원동 116-14번지 지상2층 ","서울특별시 용산구 이태원로27가길 52  (이태원동지상2층)","","젤렌","20090807105628","I","2018-08-31 23:59:59.0","","199250.427930739    ","448098.758066965    ","관광식당업","","","","","","","","","","","","","","","","","","","","","","","","","","","","","","","","","",""
"3020000","CDFI3261042009000004","20090326","","01","영업/정상","13","영업중","","","","","795-7915","","140888","서울특별시 용산구 한남동 312-5번지 지상2층 ","서울특별시 용산구 유엔빌리지1길 2  (한남동지상2층)","","고매식","20090806114508","I","2018-08-31 23:59:59.0","","200806.372578114    ","447855.635811062    ","관광식당업","","","","","","","","","","","","","","","","","","","","","","","","","","","","","","","","","",""
"3020000","CDFI3261042009000005","20090319","","01","영업/정상","13","영업중","","","","","793-9003","","140889","서울특별시 용산구 한남동 736-8번지 지상2층 ","서울특별시 용산구 이태원로 216  (한남동지상2층)","","올라마리오","20090806114717","I","2018-08-31 23:59:59.0","","199766.158165623    ","448048.145770696    ","관광식당업","","","","","","","","","","","","","","","","","","","","","","","","","","","","","","","","","",""
"3020000","CDFI3261042009000006","20090109","","01","영업/정상","13","영업중","","","","","712-1509","","140160","서울특별시 용산구 남영동 89-5번지 지상12층 ","서울특별시 용산구 한강대로76길 5  (남영동지상12층)","","인디아","20100104175000","I","2018-08-31 23:59:59.0","","197581.230391497    ","448818.312678445    ","관광식당업","","","","","","","","","","","","","","","","","","","","","","","","","","","","","","","","","",""
"3020000","CDFI3261042009000007","20090107","","01","영업/정상","13","영업중","","","","","749-2827","","140865","서울특별시 용산구 이태원동 130-3번지 지상2층 ","서울특별시 용산구 보광로59길 5  (이태원동지상2층)","","꼬메돌","20090806133257","I","2018-08-31 23:59:59.0","","199375.16716008     ","447957.980029766    ","관광식당업","","","","","","","","","","","","","","","","","","","","","","","","","","","","","","","","","",""
"3020000","CDFI3261042009000008","20090319","","01","영업/정상","13","영업중","","","","","715-9441","","140893","서울특별시 용산구 한남동 736-15번지 지상2층 ","서울특별시 용산구 이태원로 220  (한남동지상2층)","","마러커쉬나이트","20090806134858","I","2018-08-31 23:59:59.0","","199794.610903068    ","448065.768757552    ","관광식당업","","","","","","","","","","","","","","","","","","","","","","","","","","","","","","","","","",""
"3020000","CDFI3261042009000009","20090810","","01","영업/정상","13","영업중","","","","","794-8803","","140858","서울특별시 용산구 이태원동 124-6번지 2층 ","서울특별시 용산구 이태원로27길 6  (이태원동2층)","","가사안토니오","20090826112451","I","2018-08-31 23:59:59.0","","199540.580295258    ","448085.228014094    ","관광식당업","","","","","","","","","","","","cas antonio","","","","","","","","","","","","","","","","","","","","","",""
"3020000","CDFI3261042009000010","20090914","","01","영업/정상","13","영업중","","","","","792-1448","","140858","서울특별시 용산구 이태원동 131-36번지 지상1층 ","서울특별시 용산구 보광로60길 10  (이태원동지상1층)","","댈리달발","20090922153442","I","2018-08-31 23:59:59.0","","199462.55857419     ","447958.068967697    ","관광식당업","","","","","","","","","","","","","","","","","","","","","","","","","","","","","","","","","",""
"3020000","CDFI3261042009000011","20090928","","01","영업/정상","13","영업중","","","","","749-2746","","140864","서울특별시 용산구 이태원동 176-3번지 지상3층 ","","","왕타이","20091013090933","I","2018-08-31 23:59:59.0","","","","관광식당업","","","","","","","","","","","","Wangthai","","","","","","","","","","","","","","","","","","","","","",""
"3070000","CDFI3261042008000002","20080319","","03","폐업","03","폐업","20140618","","","","02-929-1259","","136075","서울특별시 성북구 안암동5가 101-3번지 외 5필지 ","서울특별시 성북구 개운사길 8 (안암동5가)","136075","더씨(The C)","20141021141449","I","2018-08-31 23:59:59.0","","202543.83290282     ","453847.817766408    ","관광식당업","","","","","","","","","","","","","","","","","","","","","","","","","","","","","","","","","",""
"3050000","CDFI3261042009000003","20090715","","03","폐업","03","폐업","20160628","","","","2215-9999","","130846","서울특별시 동대문구 장안동 464-5번지 이레빌딩 1~6층 ","서울특별시 동대문구 장한로2길 20 (장안동)","02645","(주)야리성    제라1-1114(중국식","20160724152102","I","2018-08-31 23:59:59.0","","205791.297776324    ","451068.286357945    ","관광식당업","","","","","","","근린생활시설","10","2","","","","","","","","","","","","","","","","","","","","","","","","",""
"3050000","CDFI3261042009000007","20090615","","03","폐업","03","폐업","20180503","","","","957-7858","","130830","서울특별시 동대문구 이문동 288-32번지 2층 ","서울특별시 동대문구 이문로30길 18 (이문동)","02419","갠지스   제라 1-1101","20180516152841","I","2018-08-31 23:59:59.0","","205340.47223768     ","454920.010325669    ","관광식당업","","","","","","","근린생활시설","4","1","","","","","","","","","","","","57.51","","","","","","","","","","","","","58"
"3050000","CDFI3261042010000001","20100430","","03","폐업","03","폐업","20160610","","","","969-8189","","130865","서울특별시 동대문구 제기동 1142-3번지 ","서울특별시 동대문구 회기로 34 (제기동)","02468","팔선생     제라1-547","20160616113816","I","2018-08-31 23:59:59.0","","203488.094249606    ","454306.854172606    ","관광식당업","","","","","","","","","","","","","","","","","","","","","","","","","","","","","","","","","",""
"3050000","CDFI3261042011000001","20110112","","03","폐업","03","폐업","20170724","","","","969-6007","","130872","서울특별시 동대문구 회기동 36-26번지 지하1층 ","서울특별시 동대문구 경희대로3길 2 (회기동)","02454","용성      제라1-1307(중국식","20170914182520","I","2018-08-31 23:59:59.0","","204551.594498988    ","454496.724799033    ","관광식당업","","","","","","","근린생활시설","4","1","","","","","","","","","","","","","","","","","","","","","","","","",""
"3050000","CDFI3261042011000003","20110413","","03","폐업","03","폐업","20141222","","","","2246-4461","","130840","서울특별시 동대문구 장안동 366-7번지 경남호텔 1층 ","서울특별시 동대문구 장한로 110 (장안동)","130840","다연       제라1-1334(중국식","20141229151851","I","2018-08-31 23:59:59.0","","206199.953197537    ","451997.934849601    ","관광식당업","","","","","","","숙박시설","10","2","","","","","","","","","","","","","","","","","","","","","","","","",""
"3050000","CDFI3261042012000002","20120814","","03","폐업","03","폐업","20180330","","","","22493432","","130851","서울특별시 동대문구 전농동 152-11번지 도석프라자 203호 ","서울특별시 동대문구 서울시립대로 164 (전농동)","02505","본가짜장   제라1-1594(중국식","20180412141105","I","2018-08-31 23:59:59.0","","204772.209306923    ","453447.005254027    ","관광식당업","","","","","","","","","","","","","","","","","","","","","","","","","","","","","","","","","",""
"3050000","CDFI3261042017000003","20170710","","01","영업/정상","13","영업중","","","","","02-2244-0008","","","서울특별시 동대문구 전농동 60-32번지 ","서울특별시 동대문구 전농로20길 2 1층 (전농동)","02506","신락원 제라-1-1565호","20170713173414","I","2018-08-31 23:59:59.0","","204981.46177696     ","452955.677897124    ","관광식당업","","","","","","","","","","","","","","","","","","","","","","","","","","","","","","","","","",""
"3050000","CDFI3261042009000004","20090715","","01","영업/정상","13","영업중","","","","","926-5860","","130860","서울특별시 동대문구 제기동 137-41번지 1층 ","서울특별시 동대문구 안암로24길 4 (제기동)","02473","비나레스토랑   제라1-1112(인도식","20130408155408","I","2018-08-31 23:59:59.0","","203046.002873607    ","454014.505296408    ","관광식당업","","","","","","","근린생활시설","5","1","","","","","","","","","","","","","","","","","","","","","","","","",""
"3050000","CDFI3261042009000006","20090318","","01","영업/정상","13","영업중","","","","","967-9595","","130830","서울특별시 동대문구 이문동 288-23번지 ","서울특별시 동대문구 휘경로 3-8 (이문동)","02419","영화장    제라1-1066","20130402154553","I","2018-08-31 23:59:59.0","","205310.461829726    ","454915.939490833    ","관광식당업","","","2","","","","근린생활시설","","","","","","","","","","","","","","","","","","","","","","","","","","",""
"3050000","CDFI3261042008000005","20080929","","01","영업/정상","13","영업중","","","","","966-7789","","130865","서울특별시 동대문구 제기동 1142-8번지 지하1~1층 ","서울특별시 동대문구 회기로8길 11 (제기동)","02468","공자식탁     제라1-1010 (중국식","20130408154533","I","2018-08-31 23:59:59.0","","203452.156946449    ","454291.511649117    ","관광식당업","","","","","","","근린생활시설","4","1","","","","","","","","","","","","","","","","","","","","","","","","",""
"3050000","CDFI3261042017000001","20170309","","01","영업/정상","13","영업중","","","","","","","","서울특별시 동대문구 회기동 42-74번지 ","서울특별시 동대문구 회기로13길 22 1층 (회기동)","02454","도원 제라1-1541호","20170315095226","I","2018-08-31 23:59:59.0","","204449.914872981    ","454464.17581352     ","관광식당업","","","","","","서울시관광협회 신규지정통보회원2017-85호","근린생활시설","","","","","","","","","","","","","","","","","","","","","","","","","","",""
"3050000","CDFI3261042017000002","20170518","","01","영업/정상","13","영업중","","","","","","","","서울특별시 동대문구 회기동 16-65번지 23층 ","서울특별시 동대문구 경희대로 3 23층층 (회기동)","02454","복가주점 제라-1-1555호","20170605133144","I","2018-08-31 23:59:59.0","","204533.90025068     ","454400.177819621    ","관광식당업","","","","","","서울시관광협회(2017-153호) 신규지정통보","식품위생시설","","","","","","","","","","","","","","","","","","","","","","","","","","",""
"3050000","CDFI3261042006000001","20060511","20141212","04","취소/말소/만료/정지/중지","33","지정취소","","","","","960-1500","","130872","서울특별시 동대문구 회기동 39-3번지 2층 ","서울특별시 동대문구 경희대로 19 (회기동)","130872","샹그라 (중국식","20141218213814","I","2018-08-31 23:59:59.0","","204560.580054649    ","454568.908244098    ","관광식당업","","","","","","","단독주택","1","","","","","","","","","","","","","","","","","","","","","","","","","",""
"3050000","CDFI3261042009000005","20091210","20141017","04","취소/말소/만료/정지/중지","33","지정취소","","","","","969-2286","","130831","서울특별시 동대문구 이문동 306-4번지 2~3층 ","서울특별시 동대문구 휘경로 24-1 (이문동)","130831","나마스테 레스토랑 외대점   제라1-1173(인도식","20141022135909","I","2018-08-31 23:59:59.0","","205451.108723746    ","454767.025886057    ","관광식당업","","","","","","","","","","","","","","","","","","","","","","","","","","","","","","","","","",""
"3050000","CDFI3261041997000001","19970120","20141212","04","취소/말소/만료/정지/중지","33","지정취소","","","","","957-2266","","130876","서울특별시 동대문구 휘경동 329번지 ","서울특별시 동대문구 회기로28길 8 (휘경동)","130876","초우마을 (한국전통식","20141218213714","I","2018-08-31 23:59:59.0","","204869.322552373    ","454131.367656426    ","관광식당업","","","","","","","근린생활시설","4","1","","","","","","","","","","","","","","","","","","","","","","","","",""
"3050000","CDFI3261042001000001","20050406","20160610","04","취소/말소/만료/정지/중지","33","지정취소","","","","","957-7955","","130872","서울특별시 동대문구 회기동 3-182번지 ","서울특별시 동대문구 경희대로6길 5 (회기동)","02453","뉴델리    제라1-379 (네팔식","20160616113646","I","2018-08-31 23:59:59.0","","204615.876454278    ","454563.360119649    ","관광식당업","","","","","","","","","","","","","","","","","","","","","","","","","","","","","","","","","",""
"3070000","CDFI3261042009000002","20090413","","03","폐업","03","폐업","20170720","","","","02-929-2292","","136051","서울특별시 성북구 동선동1가 92-10번지 ","서울특별시 성북구 동소문로20가길 36 (동선동1가)","02845","상해","20170725144817","I","2018-08-31 23:59:59.0","","201541.477452791    ","454522.52413204     ","관광식당업","","","","","","","","","","","","","","","","","","","","","","","","","","","","","","","","","",""
"3200000","CDFI3261042009000003","20091116","","01","영업/정상","13","영업중","","","","","830-2284","","151902","서울특별시 관악구 신림동 1643-4번지 ","서울특별시 관악구 시흥대로 576  (신림동)","","칠룡성","20110623162058","I","2018-08-31 23:59:59.0","","191358.477626236    ","442434.654034339    ","관광식당업","","","","","","","","","","","","","","","","","","","","","","","","","","","","","","","","","",""
"3070000","CDFI3261042008000003","20080319","","03","폐업","03","폐업","20170419","","","","02-922-0406","","136075","서울특별시 성북구 안암동5가 134-98번지 ","서울특별시 성북구 안암로9가길 87 (안암동5가)","02855","미스터왕(2호점)","20170515210927","I","2018-08-31 23:59:59.0","","202433.049598798    ","453399.110700908    ","관광식당업","","","","","","","","","","","","","","","","","","","","","","","","","","","","","","","","","",""
"3070000","CDFI3261042008000005","20080613","","03","폐업","03","폐업","20180409","","","","02-922-1150","","136075","서울특별시 성북구 안암동5가 100-5번지 ","서울특별시 성북구 인촌로27길 6 (안암동5가)","02842","설성","20180509091613","I","2018-08-31 23:59:59.0","","202589.797678382    ","453818.371150423    ","관광식당업","","","","","","","","","","","","","","","","","","","","","","","","","","","","","","","","","",""
"3070000","CDFI3261042008000006","20080428","","03","폐업","03","폐업","20120131","","","","02-911-0348","","136858","서울특별시 성북구 종암동 30번지 거산프라자 ","서울특별시 성북구 종암로 18 (종암동)","136858","황궁","20130121110457","I","2018-08-31 23:59:59.0","","203172.784644199    ","454430.648009792    ","관광식당업","","","","","","","","","","","","","","","","","","","","","","","","","","","","","","","","","",""
"3070000","CDFI3261042009000001","20091125","","03","폐업","03","폐업","20161010","","","","02-929-2423","","136860","서울특별시 성북구 종암동 23-61번지 29-12 ","서울특별시 성북구 종암로 25 (종암동)","02811","다래성","20161018204247","I","2018-08-31 23:59:59.0","","203109.028890585    ","454483.994055146    ","관광식당업","","","","","","","","","","","","","","","","","","","","","","","","","","","","","","","","","",""
"3070000","CDFI3261042010000001","20100212","","03","폐업","03","폐업","20130201","","","","02-766-7798","","136053","서울특별시 성북구 동선동3가 248번지 1층 ","서울특별시 성북구 동소문로24가길 21 (동선동3가)","136053","마야(MaYa)","20130212165711","I","2018-08-31 23:59:59.0","","201668.076011685    ","454364.557275394    ","관광식당업","","","","","","","","","","","","","","","","","","","","","","","","","","","","","","","","","",""
"3070000","CDFI3261042011000001","20110131","","03","폐업","03","폐업","20160830","","","","02-980-4333","","136800","서울특별시 성북구 길음동 517-14번지 ","서울특별시 성북구 동소문로 299 (길음동)","02730","남운","20161017160036","I","2018-08-31 23:59:59.0","","202399.737263885    ","456080.782844888    ","관광식당업","","","","","","","","","","","","","","","","","","","","","","","","","","","","","","","","","",""
"3070000","CDFI3261042007000001","20070302","","01","영업/정상","13","영업중","","","","","02-929-7050","","136075","서울특별시 성북구 안암동5가 86-185번지 ","서울특별시 성북구 인촌로28길 17  (안암동5가)","","미스터왕","20130121110052","I","2018-08-31 23:59:59.0","","202659.51854268     ","453711.18076986     ","관광식당업","","","","","","","","","","","","","","","","","","","","","","","","","","","","","","","","","",""
"3070000","CDFI3261042009000003","20090107","","01","영업/정상","13","영업중","","","","","02-6084-6527","","136075","서울특별시 성북구 안암동5가 146-5번지 3층 ","서울특별시 성북구 인촌로24길 6 (안암동5가)","02855","오샬","20130121110744","I","2018-08-31 23:59:59.0","","202507.688864963    ","453740.395283805    ","관광식당업","","","","","","","","","","","","","","","","","","","","","","","","","","","","","","","","","",""
"3070000","CDFI3261042010000002","20100823","","01","영업/정상","13","영업중","","","","","02-953-1916","","136075","서울특별시 성북구 안암동5가 103-39번지 2층 ","서울특별시 성북구 인촌로26길 42-3 (안암동5가)","02856","싸루(SARU)인도&네팔푸드레스토랑","20130604161539","I","2018-08-31 23:59:59.0","","202557.956668963    ","453549.333151313    ","관광식당업","","","","","","","","","","","","","","","","","","","","","","","","","","","","","","","","","",""
"3100000","CDFI3261042008000003","20080909","","01","영업/정상","13","영업중","","","","","975-8313","","139801","서울특별시 노원구 공릉동 312-24번지 ","서울특별시 노원구 동일로191가길 73 (공릉동)","","味차이","20130306103042","I","2018-08-31 23:59:59.0","","206132.909754258    ","458436.655271044    ","관광식당업","관광사업","","","","","","","","","","","","","","","","","","","","","","","","","","","","","","","","",""
"3100000","CDFI3261042008000001","20080626","","01","영업/정상","13","영업중","","","","","02-2653-8315","","139837","서울특별시 노원구 상계동 1117-16번지 ","서울특별시 노원구 동일로242가길 22  (상계동)","","천객가 수락산역점","20080716093920","I","2018-08-31 23:59:59.0","","204875.046824469    ","463829.109760713    ","관광식당업","관광사업","","","","","","","","","","","","","","","","","","","","","","","","","","","","","","","","",""
"3100000","CDFI3261042008000002","20080825","","01","영업/정상","13","영업중","","","","","936-3969","","139818","서울특별시 노원구 상계동 389-683번지 ","서울특별시 노원구 상계로27길 7  (상계동)","","천지천(Chun Ji Chun)","20080827145842","I","2018-08-31 23:59:59.0","","206161.184646384    ","461838.485027889    ","관광식당업","관광사업","","","","","","","","","","","","","","","","","","","","","","","","","","","","","","","","",""
"3110000","CDFI3261042008000001","20080305","","03","폐업","03","폐업","20150119","","","","02-384-0856","","122844","서울특별시 은평구 대조동 219-28번지 지상 12층 ","서울특별시 은평구 연서로 190 (대조동지상 12층)","","홍보","20150123152151","I","2018-08-31 23:59:59.0","","192736.921229231    ","457022.0465948      ","관광식당업","","","","","","","","","","","","","","","","","","","","","","","","","","","","","","","","","",""
"3110000","CDFI3261042011000001","20110112","","03","폐업","03","폐업","20110728","","","","02-352-7723","","122828","서울특별시 은평구 녹번동 73-17번지 지상12층 ","서울특별시 은평구 은평로 205-7 (녹번동)","03383","도화림","20181211095525","U","2018-12-13 02:40:00.0","","193863.651063943    ","455474.371028711    ","관광식당업","","","","","","","","","","","","","","","","","","","","","","","","","","","","","","","","","",""
"3110000","CDFI3261042003000001","20030731","","03","폐업","03","폐업","20170928","","","","02-389-5591","","122871","서울특별시 은평구 불광동 605-1번지 ","서울특별시 은평구 진흥로15길 18 (불광동)","","지미","20171018134410","I","2018-08-31 23:59:59.0","","193923.534716083    ","456512.517554574    ","관광식당업","","","","","","","","","","","","","","","","","","","","","","","","","","","","","","","","","",""
"3110000","CDFI3261042005000001","20051223","","03","폐업","03","폐업","20140415","","","","02-358-0886","","122811","서울특별시 은평구 갈현동 434-10번지 지상1층 ","서울특별시 은평구 갈현로 271 (갈현동지상1층)","","북경원","20140421104858","I","2018-08-31 23:59:59.0","","192543.580575711    ","457637.316384097    ","관광식당업","","","","","","","","","","","","","","","","","","","","","","","","","","","","","","","","","",""
"3110000","CDFI3261042006000001","20060929","","03","폐업","03","폐업","20150413","","","","02-376-0604","","122939","서울특별시 은평구 증산동 193-18번지 1층 ","서울특별시 은평구 증산서길 135 (증산동1층)","","다리원","20150417120227","I","2018-08-31 23:59:59.0","","192048.958288814    ","453851.218727944    ","관광식당업","","","","","","","","","","","","","","","","","","","","","","","","","","","","","","","","","",""
"3110000","CDFI3261042010000001","20100111","","01","영업/정상","13","영업중","","","","","02-383-5724","","122834","서울특별시 은평구 녹번동 156-46번지 지상23층 ","서울특별시 은평구 은평로13길 11-12  (녹번동지상23층)","","(주)차이니즈푸드리우 초유향","20110622131506","I","2018-08-31 23:59:59.0","","193294.452948323    ","455554.931637076    ","관광식당업","","","","","","","","","","","","","","","","","","","","","","","","","","","","","","","","","",""
"3120000","CDFI3261041900000001","19000101","","03","폐업","03","폐업","20040519","","","","323-3932","","120110","서울특별시 서대문구 연희동 89-19번지 ","서울특별시 서대문구 연희로 135  (연희동)","","(주)코코스연희점","20040607165202","I","2018-08-31 23:59:59.0","","194002.350659883    ","451942.342729129    ","관광식당업","관광사업","","","","","","","","","","","","","","","","","","","","","","","","","","","","","","","","",""
"3120000","CDFI3261042004000001","20040520","","03","폐업","03","폐업","20140402","","","","365-1381","","120833","서울특별시 서대문구 창천동 20-41번지 ","서울특별시 서대문구 신촌로 121 (창천동)","","아웃백스테이크하우스 이대점","20140408085340","I","2018-08-31 23:59:59.0","","194565.669323312    ","450443.357241716    ","관광식당업","관광사업","","","","","","","","","","","","","","","","","","","","","","","","","","","","","","","","",""
"3120000","CDFI3261041997000001","19970707","","01","영업/정상","13","영업중","","","","","","","120809","서울특별시 서대문구 대현동 101-7번지 ","서울특별시 서대문구 신촌역로 10  (대현동)","","롸이즈온(주)베니건스이대점","20030327105804","I","2018-08-31 23:59:59.0","","194908.961214686    ","450597.757522205    ","관광식당업","관광사업","","","","","","","","","","","","","","","","","","","","","","","","","","","","","","","","",""
"3120000","CDFI3261042001000001","20010910","","01","영업/정상","13","영업중","","","","","322-7757","","120834","서울특별시 서대문구 창천동 72-14번지 캠퍼스프라자 지1층 ","서울특별시 서대문구 신촌로 73  (창천동캠퍼스프라자 지1층)","","(주)아모제마르쉐신촌점","20030327105159","I","2018-08-31 23:59:59.0","","194145.892516095    ","450451.593376617    ","관광식당업","관광사업","","","","","","","","","","","","","","","","","","","","","","","","","","","","","","","","",""
"3140000","CDFI3261042004000001","20041111","","01","영업/정상","13","영업중","","","","","","","158715","서울특별시 양천구 목동 923-1번지 방송회관 ","","","주)63시티방송회관클럽백리향","20041207154154","I","2018-08-31 23:59:59.0","","188525.077879574    ","447159.173447278    ","관광식당업","관광사업","","","","","","","","","","","","","","","","","","","","","","","","","","","","","","","","",""
"3140000","CDFI3261042004000002","20041111","","01","영업/정상","13","영업중","","","","","","","158050","서울특별시 양천구 목동 923-5번지 ","서울특별시 양천구 목동동로 233  (목동)","07995","(주)63시티방송회관클럽백리향","20050507122551","I","2018-08-31 23:59:59.0","","188572.108662809    ","447198.912625565    ","관광식당업","관광사업","","","","","","","","","","","","","","","","","","","","","","","","","","","","","","","","",""
"3140000","CDFI3261042016000001","20161213","","01","영업/정상","13","영업중","","","","","","","","서울특별시 양천구 신월동 427-2번지 ","서울특별시 양천구 월정로 65 (신월동)","07929","미스차이나","20190114135758","U","2019-01-16 02:40:00.0","","185869.982582765    ","447025.836436273    ","관광식당업","","","","","","","","","","","","","","","","","","","","","","","","","","","","","","","","","",""
"3160000","CDFI3261042006000002","20060421","","03","폐업","03","폐업","20190827","","","","855-7921","","152715","서울특별시 구로구 구로동 573번지 애경백화점 1층 ","서울특별시 구로구 구로중앙로 152 1층 (구로동 애경백화점)","08292","아웃백스테이크하우스구로애경점(미국식)","20190910141447","U","2019-09-12 02:40:00.0","","189570.360930049    ","444336.051330144    ","관광식당업","관광사업","","","","","","","","","","","","","","","","","","","","","","","","","","","","","","","","",""
"3160000","CDFI3261042009000002","20091125","","03","폐업","03","폐업","20160715","","","","830-0723","","152880","서울특별시 구로구 구로동 1124-1번지 ","서울특별시 구로구 디지털로32길 97-39 (구로동)","08391","이태복북경(중국식)","20160720170500","I","2018-08-31 23:59:59.0","","191200.722936426    ","442456.401362068    ","관광식당업","","","","","","","","","","","","","","","","","","","","","","","","","","","","","","","","","",""
"3160000","CDFI3261042011000001","20110411","","03","폐업","03","폐업","20120703","","","","857-5555","","152775","서울특별시 구로구 구로동 212-16번지 벽산1차디지탈밸리 102호","서울특별시 구로구 디지털로27길 24  102호 (구로동벽산1차디지탈밸리)","","띵호아(조명호) 중국식","20120722155623","I","2018-08-31 23:59:59.0","","190461.790473157    ","442368.090413171    ","관광식당업","","","","","","","","","","","","","","","","","","","","","","","","","","","","","","","","","",""
"3160000","CDFI3261042014000001","20141117","","03","폐업","03","폐업","20160229","","","","02-839-2289","","152858","서울특별시 구로구 구로동 487-2번지 101102호 ","서울특별시 구로구 구로동로42길 37 101102호 (구로동)","08280","비룡매운맛음식점","20160308093454","I","2018-08-31 23:59:59.0","","189632.779364235    ","443921.940168493    ","관광식당업","","","","","","","","","","","","","","","","","","","","","","","","","","","","","","","","","",""
"3160000","CDFI3261042003000001","20030415","","03","폐업","03","폐업","20160316","","","","2066-6000","","152826","서울특별시 구로구 고척동 69-34번지 ","서울특별시 구로구 경인로 398 (고척동)","08275","송림가(한국정통식)","20160323161024","I","2018-08-31 23:59:59.0","","187949.088952952    ","443890.882160808    ","관광식당업","관광사업","","","","","팩스 2066-6006","","","","","","","","","","","","","","","","","","","","","","","","","","","",""
"3220000","CDFI3261042009000013","20090907","","03","폐업","03","폐업","20141103","","","","551-5000","","135731","서울특별시 강남구 삼성동 무역센터코엑스(COEX) N13호 ","","","토다이 코엑스점","20150904112734","I","2018-08-31 23:59:59.0","","","","관광식당업","","","","","","","","","","","","","","","","","","","","","","","","","","","","","","","","","",""
"3160000","CDFI3261042007000002","20070905","","01","영업/정상","13","영업중","","","","","854-5552","","152855","서울특별시 구로구 구로동 437-1번지 ","서울특별시 구로구 가마산로 229 (구로동)","08284","도원(중국식)","20150629095902","I","2018-08-31 23:59:59.0","","189880.449702648    ","443569.35261926     ","관광식당업","관광사업","","","","","","","","","","","","","","","","","","","","","","","","","","","","","","","","",""
"3160000","CDFI3261042008000001","20080214","","01","영업/정상","13","영업중","","","","","3439-7793","","152748","서울특별시 구로구 신도림동 337번지 대우푸르지오 211 212호 ","서울특별시 구로구 경인로 661 (신도림동 대우푸르지오 211 212호)","08208","상하이궁신도림점(중국식)","20130721140948","I","2018-08-31 23:59:59.0","","190005.132500398    ","445250.538868558    ","관광식당업","관광사업","","","","","","","","","","","","","","","","","","","","","","","","","","","","","","","","",""
"3160000","CDFI3261042008000005","20081229","","01","영업/정상","13","영업중","","","","","818-1414","","152715","서울특별시 구로구 구로동 573번지 애경백화점 7층 ","서울특별시 구로구 구로중앙로 152 7층 (구로동 애경백화점)","08292","얌차이나(구로) 중국식","20150629101053","I","2018-08-31 23:59:59.0","","189570.360930049    ","444336.051330144    ","관광식당업","","","","","","팩스 02-6923-2701","","","","","","","","","","","","","","","","","","","","","","","","","","","",""
"3160000","CDFI3261042009000001","20091012","","01","영업/정상","13","영업중","","","","","826-8009","","152743","서울특별시 구로구 구로동 197-5번지 삼성IT밸리 지층 109호","서울특별시 구로구 디지털로33길 27 지층 109호 (구로동 삼성IT밸리)","08380","소용궁(중국식)","20130721141301","I","2018-08-31 23:59:59.0","","190612.779366379    ","442662.421914354    ","관광식당업","","","","","","","","","","","","","","","","","","","","","","","","","","","","","","","","","",""
"3160000","CDFI3261042010000001","20100908","","01","영업/정상","13","영업중","","","","","862-1642","","152779","서울특별시 구로구 구로동 212-30번지 에이스트윈타워2차 지하동 104105호","서울특별시 구로구 디지털로 273 지하동 104105호 (구로동 에이스트윈타워2차)","08381","죽림(중국식)","20150629101241","I","2018-08-31 23:59:59.0","","190565.126077805    ","442423.390398015    ","관광식당업","","","","","","","","","","","","","","","","","","","","","","","","","","","","","","","","","",""
"3160000","CDFI3261042012000002","20120614","","01","영업/정상","13","영업중","","","","","2211-0740","","152888","서울특별시 구로구 신도림동 692번지 지하2층 ","서울특별시 구로구 경인로 662 지하2층 (신도림동)","08209","디큐브한식저잣거리","20140618143529","I","2018-08-31 23:59:59.0","","190107.045415333    ","445157.626366229    ","관광식당업","","","","","","대표자-오진권최민수","","","","","","","","","","","","","","","","","","","","","","","","","","","",""
"3160000","CDFI3261042006000001","20060911","","01","영업/정상","13","영업중","","","","","856-9245","","152801","서울특별시 구로구 가리봉동 126-60번지 ","서울특별시 구로구 우마길 27 (가리봉동)","08387","왕중왕미식성(중국식)","20131011091605","I","2018-08-31 23:59:59.0","","190115.77369042     ","442066.282012002    ","관광식당업","관광사업","","","","","","","","","","","","","","","","","","","","","","","","","","","","","","","","",""
"3160000","CDFI3261042008000003","20080702","20141212","04","취소/말소/만료/정지/중지","33","지정취소","","","","","2111-8382","","152725","서울특별시 구로구 구로동 3-25번지 신도림테크노마트 10층 008호","서울특별시 구로구 새말로 97 10층 008호 (구로동 신도림테크노마트)","152725","루차이(중국식)","20141222104201","I","2018-08-31 23:59:59.0","","190232.524534335    ","444978.682746138    ","관광식당업","","","","","","","","","","","","","","","","","","","","","","","","","","","","","","","","","",""
"3160000","CDFI3261042012000001","20120413","20141212","04","취소/말소/만료/정지/중지","33","지정취소","","","","","2211-0636","","152888","서울특별시 구로구 신도림동 692번지 디큐브시티 ","서울특별시 구로구 경인로 662 6층 (신도림동)","152888","디큐브차이나풍","20141222103858","I","2018-08-31 23:59:59.0","","190107.045415333    ","445157.626366229    ","관광식당업","","","","","","","","","","","","","","","","","","","","","","","","","","","","","","","","","",""
"3200000","CDFI3261042009000001","20091214","","03","폐업","03","폐업","20150326","","","","6404-6080","","151895","서울특별시 관악구 신림동 1538-14번지 ","서울특별시 관악구 대학길 46 (신림동)","","갠지스","20150401151736","I","2018-08-31 23:59:59.0","","194406.911143089    ","440725.599485472    ","관광식당업","","","","","","","","","","","","","","","","","","","","","","","","","","","","","","","","","",""
"3200000","CDFI3261042009000002","20091125","","03","폐업","03","폐업","20120213","","","","882-6527","","151848","서울특별시 관악구 봉천동 856-1번지 ","서울특별시 관악구 관악로 168 (봉천동)","","옷살","20141211171816","I","2018-08-31 23:59:59.0","","195785.625847341    ","442009.829041898    ","관광식당업","","","","","","","","","","","","","","","","","","","","","","","","","","","","","","","","","",""
"3200000","CDFI3261042010000001","20101020","","03","폐업","03","폐업","20140310","","","","882-1103","","151835","서울특별시 관악구 봉천동 1597-1번지 송원네오플러스3층 ","서울특별시 관악구 관악로 144 (봉천동송원네오플러스3층)","","파타야","20140609135929","I","2018-08-31 23:59:59.0","","195734.652923861    ","441754.056240254    ","관광식당업","","","","","","","","","","","","","","","","","","","","","","","","","","","","","","","","","",""
"3200000","CDFI3261042004000001","20041026","","03","폐업","03","폐업","20140509","","","","3281-4721","","151903","서울특별시 관악구 신림동 1655-24번지 ","서울특별시 관악구 시흥대로 552 (신림동)","","아웃백스테이크하우스 구로디지털점","20140609135831","I","2018-08-31 23:59:59.0","","191210.078732513    ","442220.187284292    ","관광식당업","","","","","","","","","","","","","","","","","","","","","","","","","","","","","","","","","",""
"3200000","CDFI3261042002000001","20021226","","03","폐업","03","폐업","20171114","","","","3471-1651","","151800","서울특별시 관악구 남현동 1059-1번지 ","서울특별시 관악구 남부순환로 2068 (남현동)","08806","아웃백스테이크하우스 사당점","20171123094246","I","2018-08-31 23:59:59.0","","198033.379026219    ","441572.330525418    ","관광식당업","","","","","","","","","","","","","","","","","","","","","","","","","","","","","","","","","",""
"3200000","CDFI3261042007000002","20071015","","03","폐업","03","폐업","20140903","","","","877-8880","","151895","서울특별시 관악구 신림동 1516-6번지 지하 ","서울특별시 관악구 호암로26길 67 (신림동지하)","","신용문객잔","20140911173216","I","2018-08-31 23:59:59.0","","194392.95246209     ","440910.899235064    ","관광식당업","","","","","","","","","","","","","","","","","","","","","","","","","","","","","","","","","",""
"3200000","CDFI3261042007000003","20070607","","03","폐업","03","폐업","20141222","","","","887-2678","","151890","서울특별시 관악구 신림동 1424-22번지 ","서울특별시 관악구 신림로 352 (신림동)","","취루항","20141222101548","I","2018-08-31 23:59:59.0","","193741.376424173    ","442626.137096994    ","관광식당업","","","","","","","","","","","","","","","","","","","","","","","","","","","","","","","","","",""
"3200000","CDFI3261042008000002","20081020","","03","폐업","03","폐업","","","","","886-3335","","151856","서울특별시 관악구 신림동 108-103번지 ","서울특별시 관악구 신림로22길 24 (신림동)","","동희반점","20160523145509","I","2018-08-31 23:59:59.0","","194241.560705046    ","441131.989043813    ","관광식당업","","","","","","","","","","","","","","","","","","","","","","","","","","","","","","","","","",""
"3200000","CDFI3261042004000002","20040608","","01","영업/정상","13","영업중","","","","","884-4761","","151835","서울특별시 관악구 봉천동 1601-1번지 ","서울특별시 관악구 남부순환로 1840 (봉천동)","","아웃백스테이크하우스 서울대점","20150925163522","I","2018-08-31 23:59:59.0","","195888.192100225    ","442019.999681675    ","관광식당업","","","","","","","","","","","","","","","","","","","","","","","","","","","","","","","","","",""
"3200000","CDFI3261042007000001","20070205","","01","영업/정상","13","영업중","","","","","875-2224","","151057","서울특별시 관악구 봉천동 1598-21번지 ","서울특별시 관악구 관악로 146  (봉천동)","","만리장성","20110623154147","I","2018-08-31 23:59:59.0","","195734.739939144    ","441790.641846171    ","관광식당업","","","","","","","","","","","","","","","","","","","","","","","","","","","","","","","","","",""
"3200000","CDFI3261042008000003","20080801","","01","영업/정상","13","영업중","","","","","877-1272","","151891","서울특별시 관악구 신림동 1430-11번지 ","서울특별시 관악구 신림동길 4  (신림동)","","아리차이","20110623160105","I","2018-08-31 23:59:59.0","","193586.346816414    ","442834.546903906    ","관광식당업","","","","","","","","","","","","","","","","","","","","","","","","","","","","","","","","","",""
"3200000","CDFI3261042016000001","20160502","","01","영업/정상","13","영업중","","","","","070-4521-9421","","","서울특별시 관악구 봉천동 1604-1번지 1층 ","서울특별시 관악구 관악로14길 22 1층 (봉천동)","08788","라꼬미다데수다메리카","20160523155748","I","2018-08-31 23:59:59.0","","195840.823514062    ","441869.843556368    ","관광식당업","","","","","","","","","","","","","","","","","","","","","","","","","","","","","","","","","",""
"3200000","CDFI3261042016000002","20160620","","01","영업/정상","13","영업중","","","","","","","","서울특별시 관악구 봉천동 1625-29번지 2층 ","서울특별시 관악구 낙성대로 16 2층 (봉천동 낙성대빌딩)","08790","China 唐(차이나당)","20160625122558","I","2018-08-31 23:59:59.0","","196285.295221388    ","441657.960486242    ","관광식당업","","일반주거지역","4","주택가주변","","","근린생활시설","2","","","","","","","","","","","","","164.5","","","","","","","","","","","","","165"
"3200000","CDFI3261042008000001","20080131","20151105","04","취소/말소/만료/정지/중지","33","지정취소","","","","","888-8908","","151835","서울특별시 관악구 봉천동 1595-1번지 ","서울특별시 관악구 관악로 116 (봉천동)","","동천홍 서울대점","20151116093151","I","2018-08-31 23:59:59.0","","195772.919373424    ","441498.239115823    ","관광식당업","","","","","","","","","","","","","","","","","","","","","","","","","","","","","","","","","",""
"3220000","CDFI3261042009000002","20090223","","03","폐업","03","폐업","20140514","","","","552-7469","","135934","서울특별시 강남구 역삼동 825-27번지 국빈반점 ","서울특별시 강남구 테헤란로2길 21 (역삼동국빈반점)","","국빈반점","20140522131901","I","2018-08-31 23:59:59.0","","202530.779356423    ","443846.791232238    ","관광식당업","","","","","","","","","","","","","","","","","","","","","","","","","","","","","","","","","",""
"3220000","CDFI3261042009000003","20090928","","03","폐업","03","폐업","20141111","","","","512-6701","","135954","서울특별시 강남구 청담동 88-37번지 1층 ","서울특별시 강남구 선릉로152길 17 (청담동1층)","","기욤","20150904112253","I","2018-08-31 23:59:59.0","","203559.800138386    ","446912.293422992    ","관광식당업","","","","","","","","","","","","","","","","","","","","","","","","","","","","","","","","","",""
"3220000","CDFI3261042009000004","20090421","","03","폐업","03","폐업","20141008","","","","511-8488","","135890","서울특별시 강남구 신사동 548번지 예린빌딩 지하1층 B02호 ","서울특별시 강남구 압구정로 126 (신사동예린빌딩 지하1층 B02호)","","나마스테","20150904113348","I","2018-08-31 23:59:59.0","","201928.025912356    ","446851.924138581    ","관광식당업","","","","","","","","","","","","","","","","","","","","","","","","","","","","","","","","","",""
"3220000","CDFI3261042008000005","20080121","","03","폐업","03","폐업","20141103","","","","554-8120","","135985","서울특별시 강남구 역삼동 GS강남타워 지하 1층 ","","","공리(공춘호)","20150904112959","I","2018-08-31 23:59:59.0","","","","관광식당업","","","","","","","","","","","","","","","","","","","","","","","","","","","","","","","","","",""
"3220000","CDFI3261042008000007","20080402","","03","폐업","03","폐업","20160229","","","","3473-8812","","135933","서울특별시 강남구 역삼동 822-5번지 ","서울특별시 강남구 테헤란로 111 (역삼동)","","금문도","20160308142532","I","2018-08-31 23:59:59.0","","202518.374074419    ","444076.444983586    ","관광식당업","","","","","","","","","","","","","","","","","","","","","","","","","","","","","","","","","",""
"3220000","CDFI3261042008000009","20080612","","03","폐업","03","폐업","20130123","","","","02-558-5838","","135091","서울특별시 강남구 삼성동 165-12번지 지상 23층 ","서울특별시 강남구 봉은사로108길 21  (삼성동지상 23층)","","천미향","20130222175345","I","2018-08-31 23:59:59.0","","205627.537677229    ","445712.075775255    ","관광식당업","","","","","","","","","","","","","","","","","","","","","","","","","","","","","","","","","",""
"3220000","CDFI3261042008000011","20080121","","03","폐업","03","폐업","20141222","","","","02-508-6660","","135931","서울특별시 강남구 역삼동 817-16번지 지상1층 ","서울특별시 강남구 강남대로96길 11-4 (역삼동지상1층)","","탄","20150904112211","I","2018-08-31 23:59:59.0","","202410.177723106    ","444212.054864818    ","관광식당업","","","","","","","","","","","","","","","","","","","","","","","","","","","","","","","","","",""
"3220000","CDFI3261042007000001","20070709","","03","폐업","03","폐업","20160201","","","","02-501-6900","","135846","서울특별시 강남구 대치동 945-11번지 지상2층 ","서울특별시 강남구 테헤란로98길 14 (대치동지상2층)","","(주)니하오마중원","20160216091835","I","2018-08-31 23:59:59.0","","205430.675401509    ","445034.546016578    ","관광식당업","","","","","","","","","","","","","","","","","","","","","","","","","","","","","","","","","",""
"3220000","CDFI3261042007000003","20070207","","03","폐업","03","폐업","20111027","","","","565-4147","","135928","서울특별시 강남구 역삼동 773-6번지 1층 ","서울특별시 강남구 언주로 327  (역삼동1층)","","가선","20130222163606","I","2018-08-31 23:59:59.0","","203902.605          ","443874.3            ","관광식당업","","","","","","","","","","","","","","","","","","","","","","","","","","","","","","","","","",""
"3220000","CDFI3261042009000007","20090223","","03","폐업","03","폐업","20111027","","","","522-7100","","135931","서울특별시 강남구 역삼동 814-6번지 스타플렉스 2층 209호 ","서울특별시 강남구 강남대로 438  (역삼동스타플렉스 2층 209호)","","르어","20130222164136","I","2018-08-31 23:59:59.0","","202262.457856142    ","444382.542260289    ","관광식당업","","","","","","","","","","","","","","","","","","","","","","","","","","","","","","","","","",""
"3220000","CDFI3261042009000008","20090610","","03","폐업","03","폐업","20131224","","","","553-2233","","135509","서울특별시 강남구 삼성동 119번지 ","서울특별시 강남구 봉은사로 478 (삼성동)","","중국성","20140115151013","I","2018-08-31 23:59:59.0","","204598.727206064    ","445594.572229935    ","관광식당업","","","","","","","","","","","","","","","","","","","","","","","","","","","","","","","","","",""
"3220000","CDFI3261042009000009","20090205","","03","폐업","03","폐업","20130306","","","","02-567-7454","","135878","서울특별시 강남구 삼성동 149-1번지 지상1층 ","서울특별시 강남구 봉은사로82길 21  (삼성동지상1층)","","취홍","20130322170717","I","2018-08-31 23:59:59.0","","204842.438886379    ","445531.161515974    ","관광식당업","","","","","","","","","","","","","","","","","","","","","","","","","","","","","","","","","",""
"3220000","CDFI3261042009000012","20091210","","03","폐업","03","폐업","20150302","","","","02-558-4525","","135932","서울특별시 강남구 역삼동 818-8번지 용정빌딩 1층 ","서울특별시 강남구 강남대로94길 21 (역삼동용정빌딩 1층)","","타코리코","20150904112040","I","2018-08-31 23:59:59.0","","202491.248721223    ","444170.949037919    ","관광식당업","","","","","","","","","","","","","","","","","","","","","","","","","","","","","","","","","",""
"3220000","CDFI3261042009000014","20090720","","03","폐업","03","폐업","20141008","","","","547-5441","","135891","서울특별시 강남구 신사동 572번지 ","서울특별시 강남구 압구정로22길 10 (신사동)","","팜파스그릴","20150904113427","I","2018-08-31 23:59:59.0","","202210.224464549    ","446972.963113462    ","관광식당업","","","","","","","","","","","","","","","","","","","","","","","","","","","","","","","","","",""
"3220000","CDFI3261042010000027","20100216","","03","폐업","03","폐업","20131231","","","","3270-7533","","135730","서울특별시 강남구 삼성동 무역센터현대백화점 9층 ","","","티원 무역센터","20140115153130","I","2018-08-31 23:59:59.0","","","","관광식당업","","","","","","","","","","","","","","","","","","","","","","","","","","","","","","","","","",""
"3220000","CDFI3261042010000001","20101203","","03","폐업","03","폐업","20150827","","","","02-529-3610","","135505","서울특별시 강남구 도곡동 91-5번지 삼성래미안상가 서관 1층 101-104호 ","서울특별시 강남구 남부순환로 2803 (도곡동삼성래미안상가 서관 1층 101-104호)","","(주)강가홀딩스","20150904110936","I","2018-08-31 23:59:59.0","","204409.705567487    ","443065.549521654    ","관광식당업","","","","","","","","","","","","","","","","","","","","","","","","","","","","","","","","","",""
"3220000","CDFI3261042010000002","20100914","","03","폐업","03","폐업","20110627","","","","512-2970","","135897","서울특별시 강남구 신사동 651-16번지 지상1층 ","서울특별시 강남구 도산대로45길 6  (신사동지상1층)","","(주)매직테이스트","20130222163453","I","2018-08-31 23:59:59.0","","203145.214135042    ","446735.298655882    ","관광식당업","","","","","","","","","","","","","","","","","","","","","","","","","","","","","","","","","",""
"3220000","CDFI3261042010000004","20100614","","03","폐업","03","폐업","20150825","","","","02-3443-1970","","135517","서울특별시 강남구 청담동 99-11번지 지상1층 ","서울특별시 강남구 도산대로75길 14-1 (청담동지상1층)","","구르메에오","20150904111847","I","2018-08-31 23:59:59.0","","204004.125927718    ","447011.834761419    ","관광식당업","","","","","","이탈리아식","","","","","","","","","","","","","","","","","","","","","","","","","","","",""
"3220000","CDFI3261042008000013","20080107","","03","폐업","03","폐업","20141103","","","","569-6772","","135880","서울특별시 강남구 삼성동 157-8번지 지하1층 ","서울특별시 강남구 삼성로96길 6 (삼성동지하1층)","","팬다(김복순)","20150904112502","I","2018-08-31 23:59:59.0","","204933.423687109    ","445141.77035067     ","관광식당업","","","","","","","","","","","","","","","","","","","","","","","","","","","","","","","","","",""
"3220000","CDFI3261042007000005","20070424","","03","폐업","03","폐업","20141103","","","","549-1020","","135814","서울특별시 강남구 논현동 50-8번지 ","서울특별시 강남구 학동로1길 11 (논현동)","","구이린","20150904113142","I","2018-08-31 23:59:59.0","","201847.886451965    ","445541.582198905    ","관광식당업","","","","","","","","","","","","","","","","","","","","","","","","","","","","","","","","","",""
"3220000","CDFI3261042007000006","20070424","","03","폐업","03","폐업","20160504","","","","546-2261","","135820","서울특별시 강남구 논현동 111-28번지 ","서울특별시 강남구 선릉로133길 3 (논현동)","","국빈","20160504150632","I","2018-08-31 23:59:59.0","","203511.560902347    ","446217.245293527    ","관광식당업","","","","","","","","","","","","","","","","","","","","","","","","","","","","","","","","","",""
"3220000","CDFI3261042007000008","20070313","","03","폐업","03","폐업","20141008","","","","3444-8697","","135897","서울특별시 강남구 신사동 653-20번지 ","서울특별시 강남구 도산대로49길 22 (신사동)","","일마레 압구정점","20150904113553","I","2018-08-31 23:59:59.0","","203232.631651807    ","446906.33849873     ","관광식당업","","","","","","","","","","","","","","","","","","","","","","","","","","","","","","","","","",""
"3220000","CDFI3261042010000008","20100614","","03","폐업","03","폐업","20141008","","","","2602-4971","","135889","서울특별시 강남구 신사동 545-18번지 지상1층 지하1층 ","서울특별시 강남구 도산대로13길 36 (신사동지상1층 지하1층)","","네꼬맘마","20150904113316","I","2018-08-31 23:59:59.0","","201988.322910124    ","446465.736555461    ","관광식당업","","","","","","","","","","","","","","","","","","","","","","","","","","","","","","","","","",""
"3220000","CDFI3261042010000011","20100730","","03","폐업","03","폐업","20110718","","","","3446-5555","","135827","서울특별시 강남구 논현동 183번지 1층 ","서울특별시 강남구 강남대로118길 12  (논현동1층)","","도사가야서울","20130222163704","I","2018-08-31 23:59:59.0","","202118.122803265    ","444900.263571515    ","관광식당업","","","","","","","","","","","","","","","","","","","","","","","","","","","","","","","","","",""
"3220000","CDFI3261042010000013","20101021","","03","폐업","03","폐업","20111201","","","","516-4626","","135871","서울특별시 강남구 삼성동 77-20번지 지하1층 지상1층 ","서울특별시 강남구 봉은사로 541  (삼성동지하1층 지상1층)","","동천홍(박성재)","20130222163740","I","2018-08-31 23:59:59.0","","205159.792088359    ","445792.211674213    ","관광식당업","","","","","","","","","","","","","","","","","","","","","","","","","","","","","","","","","",""
"3220000","CDFI3261042010000014","20100614","","03","폐업","03","폐업","20120314","","","","547-8885","","135816","서울특별시 강남구 논현동 65-3번지 12층 ","서울특별시 강남구 논현로150길 18  (논현동12층)","","동천홍(정혁신)","20120402112918","I","2018-08-31 23:59:59.0","","202585.51817616     ","446338.99415572     ","관광식당업","","","","","","","","","","","","","","","","","","","","","","","","","","","","","","","","","",""
"3220000","CDFI3261042010000015","20100525","","03","폐업","03","폐업","20120613","","","","583-8888","","135937","서울특별시 강남구 역삼동 837-33번지 ","","","동천홍(역삼점)","20120703083523","I","2018-08-31 23:59:59.0","","202761.123133625    ","443264.276611029    ","관광식당업","","","","","","","","","","","","","","","","","","","","","","","","","","","","","","","","","",""
"3220000","CDFI3261042010000017","20100518","","03","폐업","03","폐업","20130116","","","","562-7992","","135878","서울특별시 강남구 삼성동 152-62번지 1층 ","서울특별시 강남구 삼성로100길 15  (삼성동1층)","","루나아시아","20130222163947","I","2018-08-31 23:59:59.0","","204936.619943986    ","445301.34031971     ","관광식당업","","","","","","","","","","","","","","","","","","","","","","","","","","","","","","","","","",""
"3220000","CDFI3261042010000018","20100323","","03","폐업","03","폐업","20130131","","","","563-1993","","135877","서울특별시 강남구 삼성동 143-30번지 ","서울특별시 강남구 삼성로91길 28  (삼성동)","","루비친(삼성동)","20130222164019","I","2018-08-31 23:59:59.0","","204698.725555403    ","444950.288061059    ","관광식당업","","","","","","","","","","","","","","","","","","","","","","","","","","","","","","","","","",""
"3220000","CDFI3261042010000019","20101020","","03","폐업","03","폐업","20140210","","","","565-1318","","135908","서울특별시 강남구 역삼동 636-15번지 ","서울특별시 강남구 강남대로94길 59 (역삼동)","","룽청","20140221104826","I","2018-08-31 23:59:59.0","","202766.790145924    ","444274.580751513    ","관광식당업","","","","","","","","","","","","","","","","","","","","","","","","","","","","","","","","","",""
"3220000","CDFI3261042010000021","20100525","","03","폐업","03","폐업","20130909","","","","02-565-5591","","135936","서울특별시 강남구 역삼동 830-31번지 ","서울특별시 강남구 역삼로3길 12 (역삼동)","","지미(역삼점)","20130926112846","I","2018-08-31 23:59:59.0","","202722.161687863    ","443575.914969499    ","관광식당업","","","","","","","","","","","","","","","","","","","","","","","","","","","","","","","","","",""
"3220000","CDFI3261042010000023","20100514","","03","폐업","03","폐업","20150825","","","","","","135501","서울특별시 강남구 대치동 990-2번지 지상1층 ","서울특별시 강남구 도곡로 522 (대치동지상1층)","","차이웍(대치2호점)","20150904111031","I","2018-08-31 23:59:59.0","","205552.78825108     ","444140.741979015    ","관광식당업","","","","","","","","","","","","","","","","","","","","","","","","","","","","","","","","","",""
"3220000","CDFI3261042010000025","20101231","","03","폐업","03","폐업","20120703","","","","02-562-1371","","135840","서울특별시 강남구 대치동 893-4번지 2층 ","서울특별시 강남구 삼성로 427  (대치동2층)","","카도로","20120716100323","I","2018-08-31 23:59:59.0","","204993.168008491    ","444750.102109973    ","관광식당업","","","","","","","","","","","","","","","","","","","","","","","","","","","","","","","","","",""
"3220000","CDFI3261042010000026","20101220","","03","폐업","03","폐업","20131231","","","","02-539-8854","","135082","서울특별시 강남구 역삼동 708-36번지 3층 ","서울특별시 강남구 선릉로 429 (역삼동3층)","","쿠아타이(이준형)","20140115151333","I","2018-08-31 23:59:59.0","","204290.500084407    ","444555.671199174    ","관광식당업","","","","","","","","","","","","","","","","","","","","","","","","","","","","","","","","","",""
"3220000","CDFI3261041999000001","19991211","","03","폐업","03","폐업","20111026","","","","2005-1008","","135985","서울특별시 강남구 역삼동 GS강남타워 지하1층 ","","","(주)아워홈 실크스파이스","20130222163533","I","2018-08-31 23:59:59.0","","","","관광식당업","","","","","","","","","","","","","","","","","","","","","","","","","","","","","","","","","",""
"3220000","CDFI3261042002000001","20020108","","03","폐업","03","폐업","20131231","","","","551-3355","","135091","서울특별시 강남구 삼성동 159번지 코엑스몰 C-1 ","서울특별시 강남구 영동대로 511 (삼성동코엑스몰 C-1)","","동전개발(주)우노코엑스","20140115151107","I","2018-08-31 23:59:59.0","","205130.591678902    ","445590.096837802    ","관광식당업","","","","","","","","","","","","","","","","","","","","","","","","","","","","","","","","","",""
"3220000","CDFI3261042003000002","20031230","","03","폐업","03","폐업","20141008","","","","544-0457","","135812","서울특별시 강남구 논현동 7-14번지 정안빌딩 23층 ","서울특별시 강남구 도산대로 174 (논현동정안빌딩 23층)","","(주)압구정 공을기","20150904113238","I","2018-08-31 23:59:59.0","","202375.906191344    ","446320.935032071    ","관광식당업","","","","","","","","","","","","","","","","","","","","","","","","","","","","","","","","","",""
"3220000","CDFI3261042004000002","20040901","","03","폐업","03","폐업","20141008","","","","02-3438-6105","","135724","서울특별시 강남구 압구정동 현대백화점 본점 5층 ","","","타이타이압구정","20150904113508","I","2018-08-31 23:59:59.0","","","","관광식당업","","","","","","","","","","","","","","","","","","","","","","","","","","","","","","","","","",""
"3220000","CDFI3261042005000002","20050628","","03","폐업","03","폐업","20141031","","","","3444-3610","","135894","서울특별시 강남구 신사동 610-5번지 ","서울특별시 강남구 논현로 868 (신사동)","","강가 신사점","20150904112816","I","2018-08-31 23:59:59.0","","202473.802776108    ","447098.174184132    ","관광식당업","","","","","","","","","","","","","","","","","","","","","","","","","","","","","","","","","",""
"3220000","CDFI3261042005000004","20051209","","03","폐업","03","폐업","20120709","","","","02-3288-8138","","135732","서울특별시 강남구 삼성동 그랜드인터콘티넨탈호텔 1층 ","","","크리스탈제이드팰리스레스토랑","20120720084040","I","2018-08-31 23:59:59.0","","","","관광식당업","","","","","","","","","","","","","","","","","","","","","","","","","","","","","","","","","",""
"3220000","CDFI3261042006000003","20060516","","03","폐업","03","폐업","20151202","","","","2057-7007","","135856","서울특별시 강남구 도곡동 467-29번지 타워팰리스 스포츠클럽 지상1층 ","서울특별시 강남구 언주로30길 26 (도곡동타워팰리스 스포츠클럽 지상1층)","","(주)타워차이","20151208163127","I","2018-08-31 23:59:59.0","","204602.563399428    ","442794.574490766    ","관광식당업","","","","","","","","","","","","","","","","","","","","","","","","","","","","","","","","","",""
"3220000","CDFI3261042006000007","20061130","","03","폐업","03","폐업","20160205","","","","02-556-5227","","135842","서울특별시 강남구 대치동 대치현대아파트 101-109 983-1 해암빌딩 1층 ","","","태가원","20160217145259","I","2018-08-31 23:59:59.0","","","","관광식당업","","","","","","","","","","","","","","","","","","","","","","","","","","","","","","","","","",""
"3220000","CDFI3261041996000001","19961028","","01","영업/정상","13","영업중","","","","","517-5007","","135011","서울특별시 강남구 논현동 94번지 ","서울특별시 강남구 도산대로 334  (논현동)","","(주)바른손 베니건스 압구정점","20110712181009","I","2018-08-31 23:59:59.0","","203336.821517205    ","446708.403920022    ","관광식당업","","","","","","","","","","","","","","","","","","","","","","","","","","","","","","","","","",""
"3220000","CDFI3261042007000009","20070118","","01","영업/정상","13","영업중","","","","","541-1461","","135896","서울특별시 강남구 신사동 645-18번지 12층 ","서울특별시 강남구 언주로168길 24  (신사동12층)","","젠하이더웨이","20111216110741","I","2018-08-31 23:59:59.0","","203074.591959089    ","447086.262827024    ","관광식당업","","","","","","","","","","","","","","","","","","","","","","","","","","","","","","","","","",""
"3220000","CDFI3261042007000010","20070607","","01","영업/정상","13","영업중","","","","","02-516-4808","","135952","서울특별시 강남구 청담동 52-8번지 지상1층 ","서울특별시 강남구 도산대로94길 33 (청담동지상1층)","","중화요리첸","20150904113656","I","2018-08-31 23:59:59.0","","204600.020966919    ","446887.210923755    ","관광식당업","","","","","","","","","","","","","","","","","","","","","","","","","","","","","","","","","",""
"3220000","CDFI3261042007000011","20071024","","01","영업/정상","13","영업중","","","","","566-8090","","135919","서울특별시 강남구 역삼동 708-33번지 파라다이스빌딩 지하1층 101호 ","서울특별시 강남구 테헤란로52길 21  (역삼동파라다이스빌딩 지하1층 101호)","","티엔티엔","20111216143045","I","2018-08-31 23:59:59.0","","204222.892946797    ","444524.822711989    ","관광식당업","","","","","","","","","","","","","","","","","","","","","","","","","","","","","","","","","",""
"3220000","CDFI3261042007000012","20070313","","01","영업/정상","13","영업중","","","","","3445-8867","","135950","서울특별시 강남구 청담동 22-16번지 1층 ","서울특별시 강남구 선릉로146길 15  (청담동1층)","","폴","20111216162556","I","2018-08-31 23:59:59.0","","203550.06437633     ","446655.042207334    ","관광식당업","","","","","","","","","","","","","","","","","","","","","","","","","","","","","","","","","",""
"3220000","CDFI3261042008000001","20081112","","01","영업/정상","13","영업중","","","","","02-3444-0770","","135517","서울특별시 강남구 청담동 96-6번지 1층 ","서울특별시 강남구 도산대로75길 19  (청담동1층)","","(주)가배전문점","20110711212323","I","2018-08-31 23:59:59.0","","203958.687379424    ","447021.695836015    ","관광식당업","","","","","","","","","","","","","","","","","","","","","","","","","","","","","","","","","",""
"3220000","CDFI3261042008000002","20080516","","01","영업/정상","13","영업중","","","","","542-4073","","135954","서울특별시 강남구 청담동 83-18번지 ","서울특별시 강남구 압구정로60길 22  (청담동)","","(주)파리크라상 퀸스파크 청담점","20110714151523","I","2018-08-31 23:59:59.0","","203608.289564752    ","447076.643296353    ","관광식당업","","","","","","","","","","","","","","","","","","","","","","","","","","","","","","","","","",""
"3220000","CDFI3261042008000003","20080725","","01","영업/정상","13","영업중","","","","","3454-0022","","135871","서울특별시 강남구 삼성동 78번지 삼안빌딩 1층 ","서울특별시 강남구 영동대로 648  (삼성동삼안빌딩 1층)","","78온더라이즈","20110714152027","I","2018-08-31 23:59:59.0","","205033.011281068    ","446418.580759378    ","관광식당업","","","","","","","","","","","","","","","","","","","","","","","","","","","","","","","","","",""
"3220000","CDFI3261042008000006","20080715","","01","영업/정상","13","영업중","","","","","565-7442","","135911","서울특별시 강남구 역삼동 647-11번지 동영빌딩 지상 1층 ","서울특별시 강남구 테헤란로13길 8-10  (역삼동동영빌딩 지상 1층)","","그릴아지사이","20111215095207","I","2018-08-31 23:59:59.0","","202870.080549817    ","444238.918061616    ","관광식당업","","","","","","","","","","","","","","","","","","","","","","","","","","","","","","","","","",""
"3220000","CDFI3261042008000008","20080305","","01","영업/정상","13","영업중","","","","","577-0913","","135860","서울특별시 강남구 도곡동 953-1번지 지하1층 B107호 ","서울특별시 강남구 강남대로 240  (도곡동지하1층 B107호)","","란나타이(양재점)","20111215135232","I","2018-08-31 23:59:59.0","","202973.006006482    ","442568.878945501    ","관광식당업","","","","","","","","","","","","","","","","","","","","","","","","","","","","","","","","","",""
"3220000","CDFI3261042008000010","20080922","","01","영업/정상","13","영업중","","","","","02-565-7454","","135925","서울특별시 강남구 역삼동 746-12번지 ","서울특별시 강남구 논현로77길 3  (역삼동)","","첸","20111216131328","I","2018-08-31 23:59:59.0","","203313.729582435    ","443862.558523551    ","관광식당업","","","","","","","","","","","","","","","","","","","","","","","","","","","","","","","","","",""
"3220000","CDFI3261042008000012","20081020","","01","영업/정상","13","영업중","","","","","565-8887","","135854","서울특별시 강남구 도곡동 518-7번지 1층 ","서울특별시 강남구 논현로30길 6  (도곡동1층)","","팔장선원","20111216143616","I","2018-08-31 23:59:59.0","","203746.668426908    ","442299.779488292    ","관광식당업","","","","","","","","","","","","","","","","","","","","","","","","","","","","","","","","","",""
"3220000","CDFI3261042007000002","20070313","","01","영업/정상","13","영업중","","","","","547-7444","","135950","서울특별시 강남구 청담동 22-12번지 1층 ","서울특별시 강남구 도산대로58길 14  (청담동1층)","","(주)이닝","20110714120403","I","2018-08-31 23:59:59.0","","203579.875317637    ","446686.703948472    ","관광식당업","","","","","","","","","","","","","","","","","","","","","","","","","","","","","","","","","",""
"3220000","CDFI3261042009000005","20090810","","01","영업/정상","13","영업중","","","","","517-0108","","135957","서울특별시 강남구 청담동 127-19번지 지상1층 ","서울특별시 강남구 도산대로101길 9  (청담동지상1층)","","도쿄 사이카보","20111215131300","I","2018-08-31 23:59:59.0","","204564.677107073    ","447060.176300923    ","관광식당업","","","","","","","","","","","","","","","","","","","","","","","","","","","","","","","","","",""
"3220000","CDFI3261042009000006","20090423","","01","영업/정상","13","영업중","","","","","512-0830","","135892","서울특별시 강남구 신사동 580-5번지 지하1층 ","서울특별시 강남구 논현로175길 6  (신사동지하1층)","","드마리","20111215133158","I","2018-08-31 23:59:59.0","","202384.176863802    ","447119.938253719    ","관광식당업","","","","","","","","","","","","","","","","","","","","","","","","","","","","","","","","","",""
"3220000","CDFI3261042009000010","20090319","","01","영업/정상","13","영업중","","","","","02-3449-5864","","135724","서울특별시 강남구 압구정동 현대백화점 본점 5층 ","","","크리스탈제이드상하이딜라이트","20111216133738","I","2018-08-31 23:59:59.0","","","","관광식당업","","","","","","","","","","","","","","","","","","","","","","","","","","","","","","","","","",""
"3220000","CDFI3261042009000011","20090720","","01","영업/정상","13","영업중","","","","","02-3446-7990","","135517","서울특별시 강남구 청담동 99-12번지 2층 ","서울특별시 강남구 도산대로75길 14  (청담동2층)","","키라","20111216134653","I","2018-08-31 23:59:59.0","","204002.554814115    ","446993.524333925    ","관광식당업","","","","","","","","","","","","","","","","","","","","","","","","","","","","","","","","","",""
"3220000","CDFI3261042011000001","20110303","","01","영업/정상","13","영업중","","","","","544-6336","","135819","서울특별시 강남구 논현동 99-7번지 지상1층 ","서울특별시 강남구 선릉로145길 13  (논현동지상1층)","","대가방본점","20111215112735","I","2018-08-31 23:59:59.0","","203336.585270466    ","446550.9413477      ","관광식당업","","","","","","","","","","","","","","","","","","","","","","","","","","","","","","","","","",""
"3220000","CDFI3261042011000002","20110411","","01","영업/정상","13","영업중","","","","","545-6154","","135893","서울특별시 강남구 신사동 601-3번지 동우빌딩 지상1층 ","서울특별시 강남구 논현로168길 25  (신사동동우빌딩 지상1층)","","일일향","20111216110830","I","2018-08-31 23:59:59.0","","202613.45877561     ","446843.022476168    ","관광식당업","","","","","","","","","","","","","","","","","","","","","","","","","","","","","","","","","",""
"3220000","CDFI3261042010000003","20101206","","01","영업/정상","13","영업중","","","","","2112-3883","","135984","서울특별시 강남구 역삼동 강남파이낸스센터 지하2층 ","","","(주)토마틸로지에프씨","20110714135426","I","2018-08-31 23:59:59.0","","","","관광식당업","","","","","","","","","","","","","","","","","","","","","","","","","","","","","","","","","",""
"3220000","CDFI3261042009000001","20091116","","01","영업/정상","13","영업중","","","","","3442-4451","","","서울특별시 강남구 청담동 2-10번지 남강빌딩 지하 1층 ","서울특별시 강남구 도산대로 412 (청담동 남강빌딩)","06062","(주)일본요리점 청산","20150804175652","I","2018-08-31 23:59:59.0","","203528.889270356    ","446748.079565681    ","관광식당업","","","","","","","","","","","","","","","","","","","","","","","","","","","","","","","","","",""
"3220000","CDFI3261042010000005","20100812","","01","영업/정상","13","영업중","","","","","545-1330","","135896","서울특별시 강남구 신사동 645-1번지 히든하우스 1층 ","서울특별시 강남구 언주로168길 16  (신사동히든하우스 1층)","","그라노","20111215094943","I","2018-08-31 23:59:59.0","","203018.030419668    ","447101.963504926    ","관광식당업","","","","","","","","","","","","","","","","","","","","","","","","","","","","","","","","","",""
"3220000","CDFI3261042007000004","20070802","","01","영업/정상","13","영업중","","","","","541-7663","","135830","서울특별시 강남구 논현동 240-14번지 1층 ","서울특별시 강남구 선릉로129길 24  (논현동1층)","","공리(논현점)","20111215093406","I","2018-08-31 23:59:59.0","","203422.683487627    ","445985.245966369    ","관광식당업","","","","","","","","","","","","","","","","","","","","","","","","","","","","","","","","","",""
"3220000","CDFI3261042007000007","20070509","","01","영업/정상","13","영업중","","","","","573-2267","","135964","서울특별시 강남구 개포동 1237-10번지 지상1층 ","서울특별시 강남구 개포로20길 6  (개포동지상1층)","","띵호아","20111215134714","I","2018-08-31 23:59:59.0","","204084.39815888     ","441790.043049258    ","관광식당업","","","","","","","","","","","","","","","","","","","","","","","","","","","","","","","","","",""
"3220000","CDFI3261042010000007","20100423","","01","영업/정상","13","영업중","","","","","3453-0936","","135840","서울특별시 강남구 대치동 899-3번지 2층 ","서울특별시 강남구 역삼로63길 23  (대치동2층)","","나베야","20111215112011","I","2018-08-31 23:59:59.0","","204507.450484068    ","444500.834512348    ","관광식당업","","","","","","","","","","","","","","","","","","","","","","","","","","","","","","","","","",""
"3220000","CDFI3261042010000009","20100713","","01","영업/정상","13","영업중","","","","","558-0321","","135839","서울특별시 강남구 대치동 890-30번지 지하1층 ","서울특별시 강남구 선릉로90길 42  (대치동지하1층)","","더차이나","20111215114119","I","2018-08-31 23:59:59.0","","204582.63342488     ","444735.231813542    ","관광식당업","","","","","","","","","","","","","","","","","","","","","","","","","","","","","","","","","",""
"3220000","CDFI3261042010000012","20100512","","01","영업/정상","13","영업중","","","","","549-2888","","135818","서울특별시 강남구 논현동 86-5번지 ","서울특별시 강남구 논현로132길 13  (논현동)","","도일처(정찬우)","20111215130849","I","2018-08-31 23:59:59.0","","202724.214297488    ","445894.305854116    ","관광식당업","","","","","","","","","","","","","","","","","","","","","","","","","","","","","","","","","",""
"3220000","CDFI3261042010000016","20101221","","01","영업/정상","13","영업중","","","","","516-0210","","135895","서울특별시 강남구 신사동 627-11번지 포도빌딩 지하1층 ","서울특별시 강남구 언주로 825  (신사동포도빌딩 지하1층)","","레스토랑 호카이도","20111215135634","I","2018-08-31 23:59:59.0","","202823.974054723    ","446844.088733811    ","관광식당업","","","","","","","","","","","","","","","","","","","","","","","","","","","","","","","","","",""
"3220000","CDFI3261042010000020","20100514","","01","영업/정상","13","영업중","","","","","02-3457-4807","","135843","서울특별시 강남구 대치동 922-23번지 ","서울특별시 강남구 선릉로64길 5  (대치동)","","일품향(이미영)","20111216110854","I","2018-08-31 23:59:59.0","","204586.859965117    ","443967.274761047    ","관광식당업","","","","","","","","","","","","","","","","","","","","","","","","","","","","","","","","","",""
"3220000","CDFI3261042010000022","20100414","","01","영업/정상","13","영업중","","","","","02-564-7536","","135281","서울특별시 강남구 대치동 1021-1번지 101호 ","서울특별시 강남구 도곡로 446  (대치동101호)","","차이웍","20111216112003","I","2018-08-31 23:59:59.0","","205183.171677666    ","443978.271693851    ","관광식당업","","","","","","","","","","","","","","","","","","","","","","","","","","","","","","","","","",""
"3220000","CDFI3261042010000024","20100825","","01","영업/정상","13","영업중","","","","","02-563-0023","","135914","서울특별시 강남구 역삼동 668-12번지 ","서울특별시 강남구 봉은사로30길 70  (역삼동)","","청학루","20111216113251","I","2018-08-31 23:59:59.0","","203175.081698508    ","444532.302009952    ","관광식당업","","","","","","","","","","","","","","","","","","","","","","","","","","","","","","","","","",""
"3220000","CDFI3261041997000001","19971208","","01","영업/정상","13","영업중","","","","","567-8600","","135819","서울특별시 강남구 논현동 94번지 ","서울특별시 강남구 도산대로 334  (논현동)","","(주)바른손베니건스 코엑스점","20110712181437","I","2018-08-31 23:59:59.0","","203336.821517205    ","446708.403920022    ","관광식당업","","","","","","","","","","","","","","","","","","","","","","","","","","","","","","","","","",""
"3220000","CDFI3261042001000001","20010503","","01","영업/정상","13","영업중","","","","","3463-5292","","135860","서울특별시 강남구 도곡동 대신증권빌딩 지하 1층 ","","","(주)이목원 배나무골","20110714130149","I","2018-08-31 23:59:59.0","","","","관광식당업","","","","","","","","","","","","","","","","","","","","","","","","","","","","","","","","","",""
"3220000","CDFI3261042003000001","20030214","","01","영업/정상","13","영업중","","","","","511-6666","","135822","서울특별시 강남구 논현동 141-3번지 ","서울특별시 강남구 학동로2길 11  (논현동)","","(주)삼양만나취영루","20110714112212","I","2018-08-31 23:59:59.0","","201943.318138226    ","445373.168327508    ","관광식당업","","","","","","","","","","","","","","","","","","","","","","","","","","","","","","","","","",""
"3220000","CDFI3261042004000001","20040509","","01","영업/정상","13","영업중","","","","","555-05550","","135933","서울특별시 강남구 역삼동 833번지 ","서울특별시 강남구 역삼로 118  (역삼동)","","대려도","20111215112941","I","2018-08-31 23:59:59.0","","202763.19758261     ","443461.085900872    ","관광식당업","","","","","","","","","","","","","","","","","","","","","","","","","","","","","","","","","",""
"3220000","CDFI3261042005000001","20050719","","01","영업/정상","13","영업중","","","","","02-3446-5547","","135517","서울특별시 강남구 청담동 92-8번지 ","서울특별시 강남구 도산대로 439  (청담동)","","(주)뉴후론티어산업 그릴에이치","20110711212228","I","2018-08-31 23:59:59.0","","203799.644022502    ","446878.840090827    ","관광식당업","","","","","","","","","","","","","","","","","","","","","","","","","","","","","","","","","",""
"3220000","CDFI3261042005000003","20050930","","01","영업/정상","13","영업중","","","","","02-516-8837","","135888","서울특별시 강남구 신사동 525-10번지 ","서울특별시 강남구 논현로175길 107  (신사동)","","채운","20111216113035","I","2018-08-31 23:59:59.0","","201771.114256751    ","446690.115783791    ","관광식당업","","","","","","","","","","","","","","","","","","","","","","","","","","","","","","","","","",""
"3220000","CDFI3261042006000001","20061030","","01","영업/정상","13","영업중","","","","","565-3849","","135501","서울특별시 강남구 대치동 991-2번지 태호빌딩 1층 지하1층 ","서울특별시 강남구 도곡로 528  (대치동태호빌딩 1층 지하1층)","","(주)다연외식 현경","20110712172022","I","2018-08-31 23:59:59.0","","205601.464498833    ","444158.963702757    ","관광식당업","","","","","","","","","","","","","","","","","","","","","","","","","","","","","","","","","",""
"3220000","CDFI3261042006000002","20061026","","01","영업/정상","13","영업중","","","","","3452-7500","","135880","서울특별시 강남구 삼성동 158-10번지 마젤란21아스테리움 B101-B104호 ","서울특별시 강남구 테헤란로87길 17  (삼성동마젤란21아스테리움 B101-B104호)","","(주)바른손 베니건스 테헤란로점","20110714110553","I","2018-08-31 23:59:59.0","","205091.725780982    ","445178.072127192    ","관광식당업","","","","","","","","","","","","","","","","","","","","","","","","","","","","","","","","","",""
"3220000","CDFI3261042006000004","20060320","","01","영업/정상","13","영업중","","","","","549-6858","","135818","서울특별시 강남구 논현동 83-20번지 ","서울특별시 강남구 학동로37길 23  (논현동)","","가향","20110714153241","I","2018-08-31 23:59:59.0","","202962.771933869    ","446064.852242334    ","관광식당업","","","","","","","","","","","","","","","","","","","","","","","","","","","","","","","","","",""
"3220000","CDFI3261042006000005","20060919","","01","영업/정상","13","영업중","","","","","3468-4670","","135570","서울특별시 강남구 대치동 금강타워 지하1층 ","","","강가 선릉점","20110714154215","I","2018-08-31 23:59:59.0","","","","관광식당업","","","","","","","","","","","","","","","","","","","","","","","","","","","","","","","","","",""
"3220000","CDFI3261042006000006","20060725","","01","영업/정상","13","영업중","","","","","562-5565","","135719","서울특별시 강남구 역삼동 아세아타워빌딩 지하1층 ","","","루안(아세아타워점)","20111215142108","I","2018-08-31 23:59:59.0","","","","관광식당업","","","","","","","","","","","","","","","","","","","","","","","","","","","","","","","","","",""
"3220000","CDFI3261042010000010","20100630","","01","영업/정상","13","영업중","","","","","2127-9835","","135896","서울특별시 강남구 신사동 646-2번지 지상1층 ","서울특별시 강남구 언주로164길 29  (신사동지상1층)","","더키친살바토레쿠오모압구정점","20111215114853","I","2018-08-31 23:59:59.0","","203114.582053156    ","447047.111169224    ","관광식당업","","","","","","","","","","","","","","","","","","","","","","","","","","","","","","","","","",""
"3220000","CDFI3261042010000006","20100128","20160118","04","취소/말소/만료/정지/중지","33","지정취소","","","","","552-4442","","135935","서울특별시 강남구 역삼동 826-26번지 비젼타워 202호 ","서울특별시 강남구 테헤란로2길 27 (역삼동비젼타워 202호)","","까르니두브라질(강남점)","20160127151547","I","2018-08-31 23:59:59.0","","202550.921889373    ","443816.873367248    ","관광식당업","","","","","","","","","","","","","","","","","","","","","","","","","","","","","","","","","",""
"3240000","CDFI3261042017000001","20170918","","01","영업/정상","13","영업중","","","","","","","","서울특별시 강동구 천호동 427-3번지 ","서울특별시 강동구 올림픽로 660 지하1층 (천호동 천호엘크루주상복합)","05328","아웃백스테이크하우스 천호점","20170929091635","I","2018-08-31 23:59:59.0","","210935.038615054    ","448663.480515858    ","관광식당업","","","","","","","","","","","","","","","","","","","","","","","","","","","","","","","","","",""
"3160000","CDFI3261042020000002","20201202","","01","영업/정상","13","영업중","","","","","02-858-8666","","","서울특별시 구로구 가리봉동 89-158","서울특별시 구로구 디지털로27길 123 2층 (가리봉동)","08385","혜혜패스트푸드(중국식)","20210107104211","I","2020-12-01 00:09:00.0","","189959.580578261","442508.556830638","","","","","","","","","","","","","","","","","","","","","","","","","","","","","","","","","","",""
"3160000","CDFI3261042020000001","20200917","","01","영업/정상","13","영업중","","","","","02-838-5454","","","서울특별시 구로구 구로동 197-17 에이스테크노타워1차","서울특별시 구로구 디지털로31길 38-9 에이스테크노타워1차 1층 104호 (구로동)","08376","뽕사부 구로점(중국식)","20210107101420","I","2020-12-01 00:09:00.0","","190496.447846852","442645.330573628","","","","","","","","","","","","","","","","","","","","","","","","","","","","","","","","","","",""
"3160000","CDFI3261042007000001","20070109","","01","영업/정상","13","영업중","","","","","2085-2888","","152790","서울특별시 구로구 구로동 212-8 대륭포스트타워1 지하 125 126호","서울특별시 구로구 디지털로 288 (구로동 대륭포스트타워1 지하 125 126호)","08390","타오(중국식)","20210514105240","U","2020-12-04 23:06:00.0","","190680.536850936","442392.645303533","","","","","","","","","","","","","","","","","","","","","","","","","","","","","","","","","","",""
"3070000","CDFI3261042011000002","20110222","","01","영업/정상","13","영업중","","","","","02-795-7915","","136822","서울특별시 성북구 성북동 산 5-1","서울특별시 성북구 북악산로 637 (성북동)","02821","푸드카페앤그릴","20210617160627","U","2020-12-05 23:09:00.0","","200400.129158269","454940.942694857","","","","","","","","","","","","","","","","","","","","","","","","","","","","","","","","","","",""
"3070000","CDFI3261042008000004","20080715","","01","영업/정상","13","영업중","","","","","02-921-9982","","136075","서울특별시 성북구 안암동5가 102-59","서울특별시 성북구 인촌로24길 27 (안암동5가)","02856","베나레스","20210617160542","U","2020-12-05 23:09:00.0","","202540.314366732","453625.734726913","","","","","","","","","","","","","","","","","","","","","","","","","","","","","","","","","","",""
"3070000","CDFI3261042008000001","20080331","","01","영업/정상","13","영업중","","","","","02-923-9577","","136075","서울특별시 성북구 안암동5가 134-35","서울특별시 성북구 안암로 69-1 (안암동5가)","02855","고려성","20210617160523","U","2020-12-05 23:09:00.0","","202477.829166677","453373.510644992","","","","","","","","","","","","","","","","","","","","","","","","","","","","","","","","","","",""
"3070000","CDFI3261042007000002","20070313","","01","영업/정상","13","영업중","","","","","02-923-3888","","136075","서울특별시 성북구 안암동5가 101-66","서울특별시 성북구 개운사길 21-3 (안암동5가)","136075","화원","20210617160507","U","2020-12-05 23:09:00.0","","202481.894556199","453888.797815133","","","","","","","","","","","","","","","","","","","","","","","","","","","","","","","","","","",""
"3070000","CDFI3261042006000001","20061204","","01","영업/정상","13","영업중","","","","","02-928-3344","","136034","서울특별시 성북구 동소문동4가 230","서울특별시 성북구 동소문로13가길 16 (동소문동4가)","02832","청도","20210617160334","U","2020-12-05 23:09:00.0","","200994.361119946","454403.350493166","","","","","","","","","","","","","","","","","","","","","","","","","","","","","","","","","","",""
"3070000","CDFI3261042003000001","20031007","","01","영업/정상","13","영업중","","","","","02-953-4652","","136075","서울특별시 성북구 안암동5가 104-221","서울특별시 성북구 인촌로26길 51 (안암동5가)","02856","갑천하","20210617160352","U","2020-12-05 23:09:00.0","","202599.441074279","453516.378623277","","","","","","","","","","","","","","","","","","","","","","","","","","","","","","","","","","",""
"3070000","CDFI3261041998000001","19981123","","01","영업/정상","13","영업중","","","","","02-762-1448","","136822","서울특별시 성북구 성북동 산 5-1","서울특별시 성북구 북악산로 637 (성북동)","02821","곰의집","20210617160413","U","2020-12-05 23:09:00.0","","200400.129158269","454940.942694857","","","","","","","","","","","","","","","","","","","","","","","","","","","","","","","","","","",""